Source,Target,Date,Transcription,Book Certainty,Date Certainty,Person Certainty
John Selden,Vespasian CXIII,1638,John Selden,True,True,True
Lord William Howard,Nero DXI,1638,"Sir William Howard, 1638 (123.1, 125.1, 175.1).",True,True,True
Lord William Howard|Nicholas Roscarrock,Otho DIX,1611,"Lord William Howard and Nicholas Roscarrock, 1607 or later to 1612-16 (20.1, 74.4: this or Tib. E.I)",False,True,True
William Watts,Nero DI,1640,"William Watts, by 1640 (see the preface to his edition of Matthew Paris, Historia major (London, 1640), for which the manu- script was used).",True,True,True
John Selden,Titus EIII,1638,John Selden,True,True,True
Augustine Vincent,Cleopatra AVII,1621,"Augustine Vincent, 1621-22 (2.107: ? this).",True,True,True
Richard St George,Cleopatra DIII,1614,"Richard St George, by 1614 (15.3: this or Vit. E.XVI).",False,True,True
Edward Herbert,Galba EIV,1623,"‘Mr Herbert of the Temple’ (ie. Edward Herbert), b in or after 1623 because no, 326 in 6018 was given to Cotton in that year (6018, no. 403)",True,True,True
John Selden,Claudius BVIII,1641,John Selden,True,True,True
William Camden,Domitian XII,1623,"William Camden, date unknown but before 1623 (143: fols 141-58y, art. 3, of this, Claud. A:VI, Otho A.XIV, C-VIIL, Vit. A.III, D.XII, E.VIII or Vesp. A-XIII).",False,True,True
Hart,Titus AI,1617,Hart,False,True,True
Edward Herbert,Caligula DXI,1636,"of part of this) Edward Herbert, 1636 (117.1 and 119.8)",True,True,True
unidentified borrower|James Ussher,Vitellius EXIV,1621,"unknown, 1617 (7.1)",True,True,False
John Strype,Julius FVI,1697,"John Strype, 1697 (BL, Lansdowne MS 814, fol. 25",True,True,True
Arthur Agarde,Otho AXVII,1612,"Arthur Agarde, 1612 (77.13: this or Faust. B.II1)",False,True,True
Henry Howard,Titus CI,1612,"Henry Howard, c.1612 (21.8, 52.3: ? this. According to loan 52.3 the original, from which the manuscript there being lent was copied, had been given to Howard)",True,True,True
William Camden,Caligula BX,1614,William Camden,True,True,True
Francis Bacon,Nero AI,1613,"? Francis Bacon, ? by 1613 (23.4: (2) this or (1) Jul. C.1D",False,False,False
John Bradshaw,Titus AVIII,1617,"Bradshaw, c.1617 (8.1: this or Faust. A.IID",False,True,True
,Tiberius AXIV,1616,Samuel Ward,False,True,True
,Tiberius AXIV,1616,Patrick Young,False,True,True
John Selden,Julius BVIII,unknown date,John Selden,True,True,True
John Selden,Faustina BIX,1638,John Selden,True,True,True
Bulstrode Whitelocke,Galba CVIII,1652,Bulstrode Whitelocke,True,True,True
William Camden,Titus AXV,1614,"William Camden, 1612-16 (75.10)",True,True,True
John Selden,Galba BXII,1621,"John Selden, 1621 (2.87: ? distributed in Galba B.I-XI1)",True,True,True
Lord William Howard,Nero CIV,1621,Lord William Howard,False,True,True
Peter Balle,Vespasian EXI,1650,Peter Balle,True,True,True
Richard Bancroft,Otho DVIII,1608,Richard Bancroft,True,True,True
Arthur Agarde,Cleopatra AXVI,1615,Arthur Agarde,True,True,True
unidentified borrower,Claudius CXI,1655,unread signa- ture of borrower [? addle],True,False,False
Arthur Agarde,Otho DIII,1613,"Arthur Agarde,",False,True,True
Augustine Vincent,Cleopatra CIII,1611,"Augustine Vincent, 1611 + (66.1: ? this)",True,True,True
James Ussher,Vitellius EXIV,1611,James Ussher,True,True,True
Arthur Agarde,Julius DVII,1613,Arthur Agarde,True,True,True
Francis Tate,Tiberius CXI,1617,"Tate, before 1617 (111.6)",True,True,True
James Ussher,Claudius AV,1625,"James Ussher, 1625, via ‘Mr Burnett’ (Jul. C.III, fol. 383).",True,True,True
James Ussher|William Laud|George Abbot,Nero CVII,1634,"Ussher (or Laud or Abbot), ? ¢.1634 (135.2: (2) this or Claud. E.IV, or (1) Jul. D.III or Faust, B.IV)",False,False,False
,Tiberius AXIII,unknown date,"Tate, before 1617 (111.10)",True,True,True
John Selden,Tiberius BV,1639,"John Selden, 1639 (186.2).",True,True,True
Francis Tate|John Harington’s tutor|William Crashaw,Titus DXIX,1612,"Francis Tate, by 1612, John Harington’s tutor, and William Crashaw (22.8 and, for Harington’s tutor and Crashaw, 42.1: (1) this, Tit. D.I or Dublin, Trinity College, MS 244 (C.3.12), or (2) Norwich, Castle Museum, MS 158.926/4g3).",False,True,True
Lord William Howard,Claudius AVIII,1640,"Sir William Howard, 1640 (196.1).",True,True,True
John Doyly,Vitellius EXV,1637,John Doyly,True,True,True
Edward Herbert,Titus DIX,1636,"Edward Herbert, 1636 (119.10: this or Calig. A.III, Tit. D.II, Cleo. A-XTV or Cleo. B.V.)",False,True,True
Bulstrode Whitelocke,Nero BV,1653,"Bulstrode Whitelocke, 1653 (128",True,True,True
Mr Beston,Galba EVI,unknown date,"‘Mr Beston’, unknown date (151: fol. 68, art. 27, fols 86-877, art. 31, fols 100-3y, art. 38, fols 105-6y, art. 40, fols 111-12y, 114, 115, artt. 44-45, fols 118-19y, art. 47, of this + Calig. C.III + Vesp. FVD.",True,False,True
Augustine Lindsell,Vitellius DXIII,1621,"Augustine Lindsell, 1621 (2.36)",True,True,True
Henry Montagu,Faustina EV,1604,Henry Montagu,False,True,True
Thomas Coventry|John Borough,Titus EIII,1621,"Thomas Coventry, 1621, and John Borough, 1621 (2.63)",True,True,True
George Buc,Otho DVII,1616,"George Buc, 1616 (102.1: this, Claud. E.ITI or Vesp. A.XXID",False,True,True
William Le Neve,Caligula AXV,1641,"William Le Neve, 1641 (222.2).",True,True,True
John Selden,Titus EIII,1640,Selden,True,True,True
John Selden,Titus EIV,1640,"Selden, 1640 (209.16).",True,True,True
Henry Spelman,Claudius DII,1617,"Spelman, 1617 (99.1: this or Tit. AXXVII)",False,True,True
William Camden,Vitellius DXV,1606,William Camden,True,True,True
William Camden,Vitellius AIII,1623,William Camden,False,True,True
Arthur Agarde,Titus AII,1613,Arthur Agarde,False,True,True
Mr Beston,Vespasian FVI,unknown date,"‘Mr Beston’, unknown date (151: numerous articles in this + Calig. C.III + Galba EVI).",True,True,True
James Ussher,Cleopatra BIX,1621,"James Ussher, 1621 (2.6)",True,True,True
William Camden,Vitellius FIX,1606,"William Camden, 1606 (10.19)",True,True,True
William Watts,Otho AI,1640,"William Watts, 1640 (206.1).",True,True,True
Arthur Agarde,Faustina AIII,1613,"Agarde, 1612-15 (18.15, 71.6: (1) this or (2) Tit. AVIII)",False,True,True
John Selden,Titus BV,1638,John Selden,True,True,True
"Samuel Roper, senior",Caligula AXIII,1638,"Samuel Roper, senior, 1638 (171.1)",True,True,True
John Selden,Claudius DII,1622,John Selden,True,True,True
Henry Bourchier,Titus FIII,1637,"of fols 1-90y, art. 1",True,True,True
John Selden,Titus EIV,1638,"John Selden, ¢.1638 (163.16)",True,True,True
John Selden,Caligula DXI,1621,"(? distrib- uted in Calig. D.VI-E.IV) John Selden, 1621 (2.86)",True,True,True
Patrick Young,Claudius DIX,1616,Patrick Young,False,True,True
St Lo Kniveton,Claudius AVI,1615,"St Lo Kniveton, 1615-16 (45.22)",True,True,True
Robert Cecil,Caligula EVI,1608,"(? distributed in Calig. EV and VI) Robert Cecil, through Thomas Wilson, c.1605~-12 (12.2).",True,True,True
Thomas Howard,Vitellius CXVI,1621,"Thomas Howard, 1621 (2.79: this or Vit. C_XI",False,True,True
Nicolas-Claude Fabri de Peirese,Tiberius CXIII,1618,Nicolas-Claude Fabri de Peirese,True,True,True
John Selden,Nero DI,1638,"Selden, 1638 (155.4: (1) this or (2) Claud. E.IV)",False,True,True
John Everard,Vespasian AXVIII,1626,John Everard,True,True,True
William Camden,Vespasian BXXV,1606,"William Camden, 1606 (10.11: this, Vesp. A.II or Dom. I. Cf. Jul. C.II, fol. 65).",False,True,True
William Camden,Claudius DI,1604,"William Camden, after Christmas 1604 (129.1: (2) this, Jul. D.II1, Tib. E:VI or Otho D.III, or (1) Nero D.1)",False,True,True
John Selden,Vitellius FIX,1641,John Selden,False,True,True
Arthur Agarde,Vitellius AXIII,1613,"(of fols 20-82, art. 5) Agarde, 1612-15 (18.16, 71.7)",True,True,True
John Selden,Tiberius CV,1638,"Selden, c.1638 (163.18)",True,True,True
Henry Howard,Cleopatra EI,1612,"(? of fols 183-87, art. 41, of this or ? Cleo. B.XII) Henry Howard, ¢.1612 (21.6)",False,True,True
Thomas Wilson,Julius FVI,1619,"Thomas Wilson, 1617, 1621 (111.21, 2.101: ? fols 168v-69, art. 91, of this, and / or parts of Vit. C.XI, XVI, Vesp. F.V1)",True,True,True
Elias Ashmole,Julius CIX,1660,Elias Ashmole,False,True,True
,Galba BVI,1621,"John Selden, 1621 (2.87: ? distributed in Galba B.I-XII)",True,True,True
Basil Brooke,Cleopatra EII,1631,Basil Brooke,False,True,True
Edward Coke,Julius FIII,1612,"Edward Coke, ¢.1612 (53.3: ? this, but see below)",True,True,True
Henry Howard,Caligula CIII,1604,"Henry Howard, after Christmas 1604 (129.16: ? parts of this, Jul. F-VI, Calig. B,IV, C.I-II, and IX)",False,True,True
Robert Bowyer,Otho CI,1616,"Bowyer,",True,True,True
St Lo Kniveton,Titus BXI,1617,"(of part II, fols 49-50, art. 94) St Lo Kniveton, by 1615, by1617 (45.10, 111.30)",True,True,True
John Lambe,Vespasian AXXIV,1612,"John Lambe, ? by 1612 (26.2: this, Otho A-XVII, Cleo. C.1, Il or Faust. B.IIT)",False,True,True
James Ussher,Vitellius FIX,1611,James Ussher,True,True,True
William Camden,Tiberius EVI,1604,"William Camden, after Christmas 1604 (129.1: (2) this, Jul. D.III, Claud. D.I or Otho D.III, or (1) Nero D.D)",False,True,True
Francis Crane,Vespasian EXVII,1670,"Francis Crane, 1670 (270)",True,True,True
Thomas Wilson|Robert Cecil,Otho EIX,1608,"of fols 334—5y, art. 128, etc.) Thomas Wilson, for Robert Cecil, ¢.1605-12 (12.6)",True,True,True
Lord William Howard|Nicholas Roscarrock,Vespasian BXX,1611,"Lord William Howard and Nicholas Roscarrock, 1607 or later to 1612-16 (20.2, 74.3).",True,True,True
Daniel Dunn,Vespasian BXXII,1611,"Daniel Dunn, by 1611 (55.2: (2) this or (1) Bodl., MS Tanner 212. The Tanner manuscript is folio and is bound in white vellum",False,True,True
Edward Herbert,Caligula DXII,1636,"(of this + part of E.T1V) Edward Herbert, 1636 (117.3 and 119.7).",True,True,True
George Carew,Caligula DIX,1604,George Carew,True,True,True
Thomas Howard,Titus CI,1625,Thomas Howard,True,True,True
Richard Bancroft|John Pory,Cleopatra AXVI,1608,Richard Bancroft,False,True,True
Bulstrode Whitelocke,Galba DVI,1652,Bulstrode Whitelocke,False,True,True
Arthur Agarde,Titus AI,1599,Arthur Agarde,True,True,True
William Camden,Nero DI,1604,William Camden,False,True,True
Arthur Agarde,Julius BIV,1613,Arthur Agarde,True,True,True
Richard Bancroft,Titus AI,1611,Bancroft or George Abbot,False,True,False
John Selden,Titus EXII,1640,John Selden,True,True,True
Richard Montague,Tiberius CXIII,1621,Richard Montague,True,True,True
Richard Bancroft,Vitellius DVII,1608,Richard Bancroft,False,True,True
,Tiberius AXIV,1616,"Patrick Young, c.1616, and Samuel Ward (49.18: this or Tib. C.ID)",True,True,True
William Dugdale,Vespasian CXIV,1661,William Dugdale,True,True,True
James Ussher,Vespasian AIX,1621,Ussher,False,True,True
John Donne,Cleopatra FVII,1603,"(of fols 83-292, art. 6) John Donne, 1602-4 (letter to Cotton on fols 293-94v, from Pyrford, Surrey, where Donne was living until 1604: DNB. Art. 6 is Diego de Valdés’s printed tract, De dignitate regum regnorumque Hispaniae ..., published in 1602.)",True,True,True
John Selden,Vitellius CX,1638,,True,True,True
John Selden,Nero AVII,1638,"John Selden, c.1638 (163.19: this or Claud. A-VII).",False,True,True
Arthur Agarde,Tiberius AVI,1613,Arthur Agarde,True,True,True
James Ware,Cleopatra AII,1627,"James Ware, 1627 (Jul. C.III, fol. 386).",True,True,True
William Lisle,Claudius BIV,1621,"L'Isle,",True,True,True
Richard Bancroft,Cleopatra FII,1608,Richard Bancroft,False,True,True
Patrick Young,Otho AXII,1613,"Patrick Young, 1613 (? Smith art. 7 of this: Vesp. F.XIII, no. 309, letter from Young returning to Cotton ‘Elmerus his Epistles’",True,True,True
Humphrey Henchman,Otho BXIV,1624,"Humphrey Henchman, ? 1624 (2.102, cf. 6018, no. 225)",True,True,True
Richard Bancroft,Vitellius EXVII,1608,"Richard Bancroft, 1608, by hand of John Pory (29.1: fols 18-188, art. 3, of this or Calig. A-VIII, and see below).",False,True,True
St Lo Kniveton,Titus BXI,1617,"(? of part Il, fols 213-17, art. 162) Kniveton, by 1615, by 1617 (45.13, 111.29)",True,True,True
William Camden,Otho BX,1614,William Camden,True,True,True
James Ware,Julius AIII,1656,"James Ware, 1656 (261.1).",True,True,True
William Camden,Nero BX,1614,"William Camden, 1612-16 (75.4: this, Claud. E.VIL or Vesp. F.VIII).",False,True,True
Francis Tate,Tiberius AXIII,1614,Francis Tate,True,True,True
George Buc,Tiberius AXIII,1616," George Buc, ¢.1615-17 (89.1)",True,True,True
Peter Balle,Domitian XV,1651,Peter Balle,False,True,True
John Selden,Cleopatra AIII,1638,"John Selden, 1638 (155.5)",True,True,True
John Williams|John Selden,London British Library Additional MS 46410,1621,"John Williams, 1621, and John Selden (2.88)",True,True,True
Henry Montagu,Titus EI,1631,"Henry Montagu, by 1631 (113.4: this or Add. MS 33216)",False,True,True
Richard Bancroft|George Abbot,Cleopatra FI,unknown date,Bancroft,False,True,False
Arthur Agarde,Faustina AIV,1613,"Arthur Agarde, 1612-15 (18.8, 71.14, 77.16)",True,True,True
Benjamin Jonson,Claudius EIII,1621,Benjamin Jonson,True,True,True
John Selden,Vitellius AVII,1641,"John Selden, 1641 (225.1).",True,True,True
Richard Bancroft,Claudius DVI,1608,"(of fols 5-98, artt. 1-3)",True,True,True
Henry Montagu,Titus CI,1626,Montagu,True,True,True
John Selden,Claudius EIV,1638,"John Selden, 1638 (155.4: (2) this or (1) Nero D.1)",False,True,True
John Selden,Nero EVI,1638,"John Selden, c.1638 (162: this, Claud. E.VI or Nero C.IX)",False,True,True
John Selden,Claudius BIV,1621,"John Selden, in or after 1621 (6018, no. 264)",True,True,True
Godfrey Goodman,Cleopatra EI,1653,,True,True,True
Henry Bourchier,Cleopatra EIV,1653,Henry Bourchier,True,True,True
John Speed,Nero DX,1612,"John Speed, c.1612 (50.4: this or Otho D.VIID",False,True,True
,Tiberius CVII,1621,1621 (2.46),True,True,True
John Selden,Vitellius DXV,1638,"John Selden, ¢.1638 (163.23).",True,True,True
Bulstrode Whitelocke,Galba DX,1652,Bulstrode Whitelocke,True,True,True
Patrick Young,Claudius BIX,1621,Patrick Young,True,True,True
John Selden,Nero DVIII,1638,"John Selden, 1638 (155.3: this, Jul. B.XIII, Tib. B.XIII, C.IH, Vit. C.X, E.V, VIL, Dom. I, V, Cleo. D.V or Faust. C.IV).",False,True,True
Augustine Baker,Vitellius CVIII,1623,Augustine Baker,True,True,True
Robert Drury,Nero BVII,1611,Robert Drury,True,True,True
James Ussher,Claudius AX,1621,James Ussher,True,True,True
Richard Bancroft,Domitian XV,1611,Bancroft or George Abbot,False,True,True
Lord William Howard,Appendix XLI,1636,"Sir William Howard, 1635 or 1636, ? 1638 (114.2, 124.1: (2) this + Appx XXXIX or (1) Ricobaldus Ferrariensis, Historia imperatorum, for which see loans entries).",False,True,True
Richard Montague,Vespasian EIII,1621,Richard Montague,True,True,True
Henry Howard,Titus BIV,1614,"(? of at least fols 129-40, art. 30-34) ? Henry Howard, c.1614 (121.4).",True,True,False
Thomas or Samuel Roper,Vitellius AI,1638,"Thomas or Samuel Roper, ¢.1638 (160: this or Vit. D.XVIID",False,True,False
Robert Bowyer,Vitellius EXVI,1621,"Robert Bowyer, ¢.1612 (13.8, 36.12), 1621 (2.44)",True,True,True
William Dugdale,Claudius BIV,1653,"William Dugdale, 1653 (247.1).",True,True,True
William Camden,Caligula EVIII,1614,William Camden,True,True,True
John Selden,Cleopatra AXVI,1621,"John Selden, 1621 (2.67: this or 6018, no. 287 - see below. If Cleo. A.XVI was the manuscript lent to Selden, the descrip- tion, ‘bound old’, indicates that, as would be expected from A.XVI’s 6018 entry, art. 11 had not yet been added).",False,True,True
John Bradshaw,Faustina AIII,1616,"John Bradshaw, c.1615-17 (88.1: this or Tit. ANVIID",False,True,True
Peter Balle,Cleopatra EIII,1640,"Peter Balle, 1640 (205.1: ? this, but see the entry for Vit. B:1).",True,True,True
Simonds D’Ewes,Julius BVIII,unknown date,Simonds D’Ewes,True,True,True
Richard Bancroft,Cleopatra EI,1608,Richard Bancroft,False,True,True
Henry Montagu,Faustina BIX,1621,"Henry Montagu, 1621 (2.30)",True,True,True
James Ussher,Tiberius CIII,unknown date,James Ussher,True,False,True
Francis Tate,Caligula AXV,1612,Francis Tate,True,True,True
John Selden,Titus DXX,1653,"John Selden, via William Dugdale, 1653 (236.1).",True,True,True
Bulstrode Whitelocke,Galba DIX,1652,Bulstrode Whitelocke,True,True,True
Thomas Wilson,Vitellius CXVI,1621,"Wilson, by 1617, 1621 (111.21, 2.101: ? fols 132v-39, 246-47, 310-13, artt. 4, 8, of this, and / or parts of Jul. F.VI, Vit. C.XI, Vesp. F.VI)",False,True,True
John Selden,Vitellius FXIX,1641,Selden,True,True,True
Bulstrode Whitelocke,Otho EIX,1652,Bulstrode Whitelocke,True,True,True
William Crashaw,Cleopatra EI,1610,"(? of fols 183-87, art. 41) Crashaw, 1610 (Jul. C.III, fol. 125)",True,True,True
Thomas Wilson,Vitellius CXVI,1617,"Thomas Wilson, by 1617 (111.19: ? fols 539-40v, art. 24)",True,True,True
William Camden,Caligula EX,1614,William Camden,True,True,True
Edward Herbert,Vitellius CXVI,1636,Edward Herbert,False,True,True
Godfrey Goodman,Julius EI,1655,"Godfrey Goodman, 1655 (256)",True,True,True
Henry Bourchier,Caligula EXII,1654,"Henry Bourchier, ¢.1654 (253: this or Calig. E.XI).",False,True,True
William Le Neve,Vespasian CXIV,1641,"William Le Neve, 1641 (213.1: ? this, ? Nero D.VI or ? Vit. C.IV)",False,True,True
unidentified borrower,Nero CI,1640,borrower not identified,True,True,False
John Williams,Caligula AXII,1624,"Humphrey Henchman for John Williams, ? 1624 (2.102: this or Calig. A-XIII)",False,True,True
John Barkham,Tiberius AIX,1621,John Barkham,False,True,True
John Selden,Vespasian BXXII,1639,"John Selden, 1639 (177.1)",True,True,True
St Lo Kniveton,Vitellius FXVII,1616,St Lo Kniveton,True,True,True
John Selden,Cleopatra CX,1640,"John Selden, 1640 (208.3: this or Vesp. D.X).",False,True,True
John Selden,Otho EVIII,1621,John Selden,False,True,True
William Le Neve,Claudius CII,1640,William Le Neve,True,True,True
John Selden,Claudius EVII,1621,John Selden,True,True,True
John Selden,Julius BVIII,1638,"Selden, c.1638 (163.6)",True,True,True
George Carew,Vespasian CXIV,1604,George Carew,True,True,True
Richard Bancroft,Vespasian FXIII,1608,"(of fol. 12, art. 2) Richard Bancroft, 1608, by hand of John Pory (29.10: this or Claud. B.II, Vit. E.XI, Tit. D.XI or Faust. B.1)",False,True,True
Ralph Brooke,Vespasian CXIV,1615,"? Ralph Brooke, by 1615 (17.1: vol. 1, fols 126-34, artt. 45-50, fols 136-59, artt. 52-61, fols 241-69y, 272-97, artt. 100-3, 106-15, of this)",True,True,True
John Selden,Otho DVII,1621,John Selden,True,True,True
Fulke Greville,Cleopatra AXVI,1617,"Fulke Greville, by 1617 (111.1: this or 6018, no. 287 — see below)",False,True,True
John Selden,Titus EXI,1640,John Selden,True,True,True
Henry Montagu,Caligula AXIII,1621,"Henry Montagu, 1621 (2.21: this or Calig. A-XID",False,True,True
Godfrey Goodman,Vitellius BII,1640,"Godfrey Goodman,",True,True,True
Daniel Dunn,Vespasian CI,1611,"Daniel Dunn, by 1611 (55.1)",True,True,True
Richard Bancroft,Tiberius CVII,1608,"Richard Bancroft, 1608, by hand of John Pory (29.6: this or Claud. E.III)",False,True,True
John Selden,London British Library Additional MS 33216,1640,"John Selden,",False,True,True
Richard Bancroft,Vitellius EXI,1608,Richard Bancroft,False,True,True
Hart,Julius CII,1612,"(of at least fols 1-18y, art. 1)",True,True,True
Edward Herbert,Cleopatra AXIV,1636,Edward Herbert,False,True,True
Robert Bowyer,Caligula BV,1612,"(of fols 382-454, art. 75) Robert Bowyer, c.1612 (36.2).",True,True,True
Bulstrode Whitelocke,Nero BIV,1653,"Bulstrode Whitelocke, 1653 (128",True,True,True
Samuel Ward,Tiberius CII,1621,Ward,False,True,True
William Camden,Claudius EVII,1614,William Camden,False,True,True
William Camden,Nero BIV,1617,William Camden,False,True,True
Arthur Agarde,Domitian XV,1613,"Arthur Agarde, 1612-15 (71.37)",True,True,True
William Camden,Titus AXVI,1614,William Camden,True,True,True
Spencer Compton,Faustina BII,1640,"Compton, ? 1640 (168).",True,True,True
Robert Cecil,Caligula EII,1608,"(? distributed in Calig. D.VI-E.V) Robert Cecil, through Thomas Wilson, c.1605-12 (12.1)",True,True,True
Henry Savile,Vespasian CXIV,1604,Henry Savile,True,True,True
Francis Bacon,Cleopatra FVI,1616,Francis Bacon,True,True,True
William Dugdale,Otho AIX,1655,William Dugdale,True,True,True
Robert Cecil,Caligula EI,1608,"(? distributed in Calig. D.VI-E.V) Robert Cecil, through Thomas Wilson, ¢.1605-12 (12.1)",True,True,True
John Selden,Claudius AIII,unknown date,John Selden,True,True,True
Richard St George,Otho BXIV,1614,"Richard St George, by 1614 (15.4: this or Calig. A-XII or XIII)",False,True,True
Lord William Howard,Titus EIX,1640,"Sir William Howard, ? 1640 (169: this (except for the material on fols 329-403 which relates to 1 Richard III), Tit. E.VII or VIII)",False,True,True
Richard Bancroft,Claudius EIII,1608,"Richard Bancroft, 1608, by hand of John Pory (29.6: this or Tib. C.VII)",False,True,True
William Dugdale,Vespasian AXII,1639,"William Dugdale, 1639 (185.1",True,True,True
Thomas Howard,Julius CVIII,1621,"Thomas Howard, 1621 (2.78: ? this",True,True,True
Richard Bancroft,Vitellius DXI,1608,"Richard Bancroft, 1608, by hand of Zachariah Pasfeild (29.20: this, Tib. A.IX or Vit. E.IV).",False,True,True
Henry Montagu,Cleopatra FVI,1621,"Henry Montagu, 1621 (2.22)",True,True,True
William Dugdale,Titus CV,1661,"William Dugdale, 1661 (266.2).",True,True,True
Lord William Howard,Cleopatra FVI,1614,"? Howard, ¢.1614 (121.3, and see below)",True,True,False
John Speed|John Barkham,Vespasian EIII,1612,"(of fols 171-78, art. 11) John Speed and John Barkham, c.1612 (50.8: ? this, but the folios are quarto while the item in the loan is listed as octavo)",True,True,True
Augustine Vincent,Cleopatra CIII,unknown date,"(? of at least fols 341-75v, 384-85y, parts of art. 6) Vincent (Jul. C.III, fol. 379",True,True,True
John Selden,Vespasian EXI,1617,? John Selden,True,True,False
William Le Neve,Vitellius CIV,1641,William Le Neve,False,True,True
Henry Bourchier,Julius AXI,1621,"Henry Bourchier, 1621 (2.81)",True,True,True
Patrick Young,Vespasian BXIX,1616,Patrick Young,True,True,True
Arthur Agarde,Tiberius AXIII,1613,Arthur Agarde,True,True,True
Simonds D’Ewes,Julius EVIII,1626,"Simonds D’Ewes asked to borrow either (1) this manu- script, Nero D.VIII or Otho D.I, or (2) Cleo. D.IV, 1626 (82.24).",True,True,True
George Buc,Julius BIV,1611,"George Buc, ? 1611 (62.2: ? this)",True,True,True
John Selden,Tiberius AI,1638,John Selden,False,True,True
Bulstrode Whitelocke,Galba CVI,1652,Bulstrode Whitelocke,True,True,True
Francis Tate|John Dodderidge,Domitian VIII,1616,"Francis Tate, by 1616, and John Dodderidge, 1621 (2.59: ? this",False,True,True
Augustine Lindsell,Titus DXI,1621,Augustine Lindsell,False,True,True
William Camden,Augustus I,1606,William Camden,True,True,True
Arthur Agarde,Cleopatra AXII,1613,Arthur Agarde,True,True,True
John Dodderidge,Augustus I,1609,"John Dodderidge, ? c.1609 (Jul. C.IH, fol. 152",True,False,True
John Selden,Faustina AV,1641,John Selden,True,True,True
Henry Spelman,Vitellius CX,1617,Henry Spelman,False,True,True
Mr Walters,Titus BIII,1616,"(? of fols 239-50, art. 69) ‘Mr Walters’, c.1616 (103.3).",True,True,True
Thomas Coventry,London British Library Additional MS 46410,1622,Thomas Coventry,True,True,True
Richard Cecil,Caligula BIV,1604,"Richard Cecil, after Christmas 1604 (129.3: fols 232-35y, art. 9, of this or Calig. D.I)",False,True,True
Scipio Le Squyer,Vitellius DIX,1631,"Scipio Le Squyer,",True,True,True
Bulstrode Whitelocke,Nero BIII,1653,Bulstrode Whitelocke,True,True,True
John Selden,Otho BXIII,1621,John Selden,True,True,True
John Selden,Claudius EI,1638,"Selden, c.1638 (163.22: this, Nero C.IX or E.VI).",False,True,True
John Selden,Titus EVII,1640,John Selden,True,True,True
Richard Montague,Claudius BVI,1620,Richard Montague,False,True,True
John Selden,Tiberius AIX,unknown date,John Selden,True,True,True
John Barkham,Tiberius BVII,1621,"John Barkham, 1621 (2.76: ? this + CUL, Add. MS 3578, or Tib. A.TX).",False,True,True
Henry Howard,Cleopatra BXII,1612,"Henry Howard, c.1612 (21.6: ? this or ? Cleo. E.1).",False,True,True
Robert Bowyer,Tiberius CVII,1612,Robert Bowyer,True,True,True
Patrick Young,Tiberius EIV,1616,Patrick Young,True,True,True
John Selden,Titus EIX,1640,"John Selden, ¢.1640 (209.3).",True,True,True
William Watts,Otho EVI,1631,William Watts,True,True,True
Mr Morgan,Otho BXIV,1616,"‘Mr Morgan’, 1616 (109.2)",True,True,True
Spencer Compton,Faustina BII,1639,"Spencer Compton, 1639 (164.1)",True,True,True
John Selden,Vespasian BXIX,1640,"John Selden, 1640 (194.1).",True,True,True
James Ussher,Vespasian AIX,1611,"(of fols 76-121, art. 3) James Ussher, c.1610-12 (41.3)",True,True,True
James I,Tiberius AII,1616,"? James I, ¢.1615-17 (93.1).",True,True,False
William Dugdale,Titus AI,1656,"William Dugdale, 1656 (Appx XLVI, fol. 1v).",True,True,True
Richard Bancroft,Claudius BII,1608,"Richard Bancroft, 1608, by hand of John Pory (29.10: this or Vit. E.XI, Vesp. F.XIII, Tit. D.XI or Faust. B.I)",False,True,True
John Selden,Nero DII,1653,"John Selden, 1653 (237.2).",True,True,True
Thomas Shirley,Claudius CIII,1631,"Thomas Shirley, by 1631 (113.21)",True,True,True
Nicholas Gilborne,Julius FIII,1611,"Nicholas Gilborne, by 1611 (56.5: ? this)",True,True,True
Bulstrode Whitelocke,Galba CIII,1652,"Bulstrode Whitelocke, 1652 (231.13)",True,True,True
Robert Cecil,Vespasian CII,1608,"(of fols 23-248, artt. 3-42, fols 202-90, artt. 50-82, ? fols 379-99, artt. 105-18) Robert Cecil, by the hand of Thomas Wilson, c.1605-12 (12.3)",True,True,True
John Selden,Cleopatra DI,1641,"Selden, 1641 (215.1)",True,True,True
John Selden,Otho EIX,1621,"John Selden,",False,True,True
Bulstrode Whitelocke,Galba DXI,1652,Bulstrode Whitelocke,True,True,True
Arthur Agarde,Domitian III,1613,Arthur Agarde,True,True,True
Francis Tate,Vespasian DXXI,1614,"(of at least the same folios) Francis Tate, 1612-16 (73.2)",True,True,True
Simonds D’Ewes,Tiberius AXIII,1626,"Simonds D’Ewes, 1626 (The Autobiography and Correspondence of Sir Simonds D'Ewes, ed. by J.O. Halliwell, 2 vols (London, 1845), I, p. 299).",True,True,True
Abraham Wheloc,Tiberius CII,1640,Abraham Wheloc,True,True,True
Bulstrode Whitelocke,Galba BIV,1652,"Bulstrode Whitelocke, 1652 (231.4).",True,True,True
Thomas Smith,Julius CV,1690,"Thomas Smith, 1690 (Bodl., MS Smith (SC 15666), p. 193)",True,True,True
Arthur Agarde,Caligula AXIII,1613,Arthur Agarde,True,True,True
John Selden,Titus EVIII,1640,"John Selden, c.1640 (209.2).",True,True,True
Peter Balle,Vespasian EIII,1651,Peter Balle,True,True,True
John Selden,Otho CXIV,1622,John Selden,True,True,True
John Selden,Vitellius FXIX,1638,John Selden,False,True,True
Henry (or John) Hobart,Titus FIV,1613,"(of Harl. MS 6850, fols 35-63 + perhaps parts of fols 63-85v, art. 10, of this) Henry (or John) Hobart, by 1613 (48.2)",True,True,False
Lord William Howard,Appendix XXXIX,1636,"Sir William Howard, 1635 or 1636, ? 1638 (114.2, 124.1: (2) fols 94v-217, art. 11, of this + Appx XLI or (1) Ricobaldus Ferrariensis, Historia imperatorum, for which see loans entries).",False,True,True
Brian Twyne,Claudius DVIII,unknown date,Brian Twyne,True,False,True
Thomas Howard,Cleopatra FVI,1621,"Thomas Howard, 1621-22 (2.114)",True,True,True
John Selden,Galba AX,1638,John Selden,True,True,True
William Camden,Caligula EXI,1614,William Camden,True,True,True
Richard St George,Caligula AXIII,1614,"Richard St George, by 1614 (15.4: this + Calig. A.XII, or Otho B.XIV)",False,True,True
Lord William Howard,Titus EVIII,1640,Sir William Howard,False,True,True
William Le Neve,Augustus II,1641,Le Neve,True,True,True
William Noy,Cleopatra FII,1631,"William Noy, by 1631 (113.29: this or Cleo. F.1)",False,True,True
George Buc,Vespasian AXXII,1616,"George Buc, 1616 (102.1: this or Claud. E.III or Otho D.VID",False,True,True
William Camden,Galba DXII,1614,"William Camden, 1612-16 (75.18: ? this)",True,True,True
Edward Herbert,Vitellius CXI,1636,"Edward Herbert, 1636 (116.3 and 118.4: ? fols 211-24, art. 19, of this and / or ? Otho C.X, ? Vit. BXXI, ? C.XVI).",False,True,True
Arthur Agarde,Julius AI,1613,"Arthur Agarde, 1612-15 (71.22)",True,True,True
Augustine Vincent,Claudius DX,1621,"Augustine Vincent, before or in 1621 (Vesp. F.XIII, no. 316: this, Jul. D.II, Vit. A.II or D.X)",False,True,True
James Ussher,Claudius AI,1625,James Ussher,True,True,True
Oliver St John,Titus BXII,1609,"Oliver St John, ? 1609 or later (84.1: this or Tit. B-XIID",False,False,True
Richard Bancroft,Vitellius DXV,1608,"Richard Bancroft, 1608, by hand of John Pory (29.5)",True,True,True
John Selden,Faustina AIII,unknown date,"? John Selden (D.M. Barratt, ‘The library of John Selden and its later history’, Bodleian Library Record, 3 (1950-51), 135, 213",True,True,False
Augustine Vincent|John Selden,Julius CIX,1621,"(of fols 25-77, artt. 6~7) Augustine Vincent and John Selden, in or after 1621 (6018, no. 224)",True,True,True
John Selden,Cleopatra EIV,1640,John Selden,False,True,True
"‘Mr Hall’, Henry Fanshaw’s servant",Otho DI,1621,"‘Mr Hall’, Henry Fanshaw’s servant, 1621-22 (2.105, 4.14)",True,True,True
William Camden,Nero BV,1617,William Camden,False,True,True
Inigo Jones,Vespasian BII,1631,Inigo Jones,True,True,True
Richard St George,Caligula AXII,1614,Richard St George,False,True,True
Richard Bancroft,Domitian XI,1608,Richard Bancroft,False,True,True
Peter Balle,Cleopatra FI,1640,"Peter Balle, 1640 (205.2)",True,True,True
Francis Tate,Cleopatra AXII,1612,Francis Tate,True,True,True
Humfrey Wanley,Tiberius B1,1709,"Humfrey Wanley, 1709 (Add. MS 44879, fol. iv",True,True,True
John Selden,Vespasian AXXII,1623,John Selden,True,True,True
Humfrey Wanley,Otho BXI,1709,"Humfrey Wanley, 1709 (Add. MS 44879, fol. iv",True,True,True
Lord William Howard,Vitellius BII,1638,"Sir William Howard,",True,True,True
Samuel Pepys,Vespasian BXXII,1694,"Samuel Pepys, 1694 (Cambridge, Magdalene College, Pepys Library, MS 2872, p. 759: pp. 759-93 are a transcript of B.XXII made when Pepys borrowed the latter from John Cotton).",True,True,True
John Selden,Nero CIX,1638,"John Selden, c.1638 (162: this, Claud. E.VI or Nero EVD)",False,True,True
Christopher Hatton,Tiberius EV,1639,"Christopher Hatton, 1639 (167.1).",True,True,True
St Lo Kniveton,Otho CVIII,1621,"St Lo Kniveton, 1621 (2.29).",True,True,True
John Selden,Vitellius EVI,1638,"John Selden, 1638 (155.3: this, Jul. B.XIII, Tib. B.XIU, C.III, Nero D.VII, Vit. CX, EV, Dom. I, V, Cleo. D.V or Faust. C.IV).",False,True,True
James I,Vespasian AVIII,1616,"? James I, ¢.1615-17 (93.2).",True,True,True
William Dugdale,Cleopatra EIV,1654,William Dugdale,True,True,True
Arthur Capell,Titus EXV,1666,Arthur Capell,True,True,True
Richard Bancroft|Robert Cecil,Domitian XV,1608,"Richard Bancroft, 1608, by hand of Zachariah Pasfeild (29.21: (1) this, Nero A.XV, XVI, Tit. A.I, or (2) Otho E.V)",False,True,True
William Dugdale,Vitellius AI,1639,"William Dugdale, 1639 (178.1). Dugdale’s extracts (in Bodl., MS Dugdale 12 (SC 6502), pp. 111-72), made in 1637 from Vit. D.XVIII, provide cross- references to this manuscript.",True,True,True
Basil Brooke,Cleopatra EIV,1631,Basil Brooke,True,True,True
Samuel Ward,Tiberius AXIV,1621,"Ward, 1621 (2.41: this or Tib. C.II).",False,True,True
Bulstrode Whitelocke|Robert Cecil,Galba CIV,1652,"Bulstrode Whitelocke, 1652 (231.14).",True,True,True
George Carew,Titus BX,1618,"? George Carew (d. 1629), c.1618 (Vesp. F.XIII, no. 324: this or Tit. B.XIII. The Vesp. letter is undated but refers to Carew’s service for the king in Ireland about eight years previously. After having served Elizabeth as President of Munster until 1603, he was sent to Ireland only once, in 1610, by James I.",False,True,False
Bulstrode Whitelocke,Galba CX,1652,"Bulstrode Whitelocke, 1652 (231.20).",True,True,True
John Selden,Vespasian BXXIII,1653,John Selden,True,True,True
John Selden,Titus CV,1641,John Selden,True,True,True
,Julius CVIII,1614,"Henry Howard, c.1614 (121.7: ? this or ? Tit. C.1)",True,True,True
Thomas Coventry,London British Library Additional MS 33216,1631,Thomas Coventry,False,True,True
Henry Montagu,Titus CI,1631,? Montagu,True,True,False
Christopher Hatton,Vespasian AXIV,1639,Christopher Hatton,False,True,True
John Selden,Nero BVIII,1621,John Selden,True,True,True
Edward Herbert,Faustina EVII,1636,"(of at least fols 1-15v, art. 1) Edward Herbert, 1636 (117.5 and 119.5).",True,True,True
Thomas Howard,Augustus I,1625,"Thomas Howard, 1621-29 (76.5).",True,True,True
Patrick Young,Otho BVI,1616,Patrick Young,True,True,True
Henry Howard,Caligula CIX,1604,"Henry Howard,",False,True,True
Richard Bancroft,Vitellius FIX,1608,Richard Bancroft,True,True,True
Richard Perrincheif,Titus AVIII,1673,Richard Perrincheif,True,True,True
Edward Herbert,Caligula DVIII,1636,"Edward Herbert, 1636 (117.2 and 119.9).",True,True,True
Henry Spelman,Titus AXXVII,1615,"Henry Spelman, c.1615 (46.4: this or Claud. D.I1)",False,True,True
Augustine Vincent,Julius DII,1621,"Augustine Vincent, before or in 1621 (Vesp. F_XIII, no. 316: this, Claud. D.X, Vit. A.II or D.X)",False,True,True
William Le Neve,Claudius BIV,1641,"William Le Neve, 1641 (220.2)",True,True,True
William Camden,Vespasian AXIII,1623,"William Camden,",False,True,True
John Selden,Titus EII,1638,"John Selden, c.1638 (163.24).",True,True,True
John Selden,Julius EIII,1621,"John Selden, 1621 (2.75).",True,True,True
John Selden,Tiberius BXIII,1638,"John Selden, 1638 (155.3: this, Jul. BXIII, Tib. C.III, Nero D.VIII, Vit. C.X, EV, VII, Dom. I, V, Cleo. D.V or Faust. C.IV).",False,True,True
Povey,Tiberius CV,1631,"Povey, by 1631 (113.24: ? this. The words ‘some other things’ in the description in 113.24 (*...manye treatises of Roger Bacon and some other things. . ”) do not entirely fit the cartulary material, art. 4, in the manuscript. When artt. 1-3 were in Dee's possession they were bound in with four further articles, since lost: see Roberts & Watson, Dee, M26. It is therefore possible that the whole of Dee's original volume came to Cotton but that the missing articles were removed - perhaps at the time of the loan to Povey or by Povey himself - to be replaced by Povey’s gift of the cartulary leaves.)",False,True,True
Patrick Young,Nero AVII,1616,"Patrick Young, c.1616 (49.4)",True,True,True
Arthur Agarde,Julius DVI,1613,"Arthur Agarde, 1612-15 (71.25, 77.17: ? this)",True,True,True
John Selden,Cleopatra FIII,1638,"John Selden, €.1638 (163.1).",True,True,True
Edward Herbert,Caligula EIV,1636,"of part of this + D.XII) Edward Herbert, 1636 (117.3 and 119.7).",True,True,True
Henry Howard,Tiberius CVII,1612,"Henry Howard, ¢.1612 (21.11, 52.6: this or Claud. E.III)",False,True,True
Arthur Agarde,Faustina BV,1613,Arthur Agarde,True,True,True
James Ussher,Vespasian DVI,1641,"? James Ussher, 1641 (221.2)",True,True,False
James Ussher,Titus AII,1625,James Ussher,True,True,True
Lord William Howard,Claudius DVII,1621,"Lord William Howard, 1621 (2.57).",True,True,True
Richard Bancroft,Nero CV,1608,"Richard Bancroft, 1607-10, by hand of Zachariah Pasfeild (30.1)",True,True,True
John Harington,Augustus I.II32,1611,"John Harington, ¢.1610-12 (43.1: ? including this).",True,True,True
Bulstrode Whitelocke,Galba BIII,1652,"Bulstrode Whitelocke,",True,True,True
William Dugdale,Vitellius CVIII,1653,William Dugdale,True,True,True
Arthur Agarde,Otho AXVII,1613,Agarde,True,True,True
Mr Morgan,Caligula AXII,1616,Mr Morgan,True,True,True
Patrick Young,Tiberius CXI,1616,Patrick Young,True,True,True
Robert Cecil,Caligula EIV,1608,"(? distributed in Calig. D.VI-E.V) Robert Cecil, through Thomas Wilson, ¢.1605-12 (12.1)",True,True,True
John Hayward,Tiberius CXIII,1611,John Hayward,True,False,True
John Selden|Augustine Vincent,Tiberius CVII,1621,"John Selden, 1621, and Augustine Vincent (2.68)",True,True,True
Edward Herbert,Caligula DX,1636,"(of part of this) Edward Herbert, 1636 (117.4 and 119.6)",True,True,True
Henry Montagu,Otho EX,1631,"Montagu, by 1631 (113.6)",True,True,True
John Selden,Nero CIX,1638,Selden,False,True,True
Robert Cecil,Caligula EIII,1608,"(? distributed in Calig. D.VI-E.V) Robert Cecil, through Thomas Wilson, ¢.1605-12 (12.1)",True,True,True
James Ley,Julius EIII,1611,"(? of fols 177-210, in art. 1) James Ley, 1611 (61.1)",True,True,True
Oliver St John,Caligula CIII,1604,"(of fols 4-40v, art. 1) Oliver St John, after Christmas 1604 (129.4: ? this)",True,True,True
Arthur Agarde,Otho BXIV,1613,"Arthur Agarde, 1612-15 (18.17: this, Vesp. AXVIII or E.ID)",False,True,True
Francis Fowler,Vespasian CII,1615,"(of the same sections) Francis Fowler, c.1613-18 and probably in the summer of 1615 (98.1)",True,True,True
,Tiberius AXIII,1614,"Arthur Agarde, 1612-15 (18.12, 71.21",True,True,True
William Camden,Cleopatra DV,1606,William Camden,True,True,True
Edward Herbert,Titus DII,1636,"Edward Herbert, 1636 (119.10: this or Calig. A-III, Tit. D.IX, Cleo. A.XIV or B.V.)",False,True,True
James Ussher,Cleopatra CVIII,1621,"James Ussher, 1621 (2.1).",True,True,True
James Ussher,Vitellius EXVIII,1625,"? James Ussher (this is probably one of the psalters in the Gallican version that Ussher borrowed in 1625: Jul. C.III, fol. 383. For his collation, see Bodl., MS Add. A.91 (SC 27719), fol. 111.).",True,True,False
Robert Cecil,Caligula EV,1608,"(? distributed in Calig. D.VI-E.V) Robert Cecil, through Thomas Wilson, c.1605-12 (12.1)",True,True,True
Thomas Smith,Julius FVI,1690,"Thomas Smith asked to borrow F-VI in about 1690 (Bodl., MS Smith 59 (SC 15666), p. 196.",True,True,True
Bulstrode Whitelocke,Galba BII,1652,,True,True,True
Henry Montagu,Vespasian FIX,1631,"Henry Montagu, by 1631 (113.11: ? fols 175-78v, art 32, of this, but see the editorial comment at 113.11",True,True,True
Bulstrode Whitelocke,Galba DV,1652,Bulstrode Whitelocke,False,True,True
William Camden,Vespasian DXXI,1606,"(of at least fols 1-40, artt. 1 and 2) William Camden, 1606 (10.18. Cf. Jul. C.III, fol. 61)",True,True,True
Richard Bancroft,Titus DXI,1608,"Richard Bancroft, 1608, by hand of John Pory (29.10: this or Claud. B.II, Vit. E.XI, Vesp. F.XIII or Faust. B.I)",False,True,True
Augustine Vincent,Vitellius CVI,1621,"Augustine Vincent, 1621 (Vesp. F.XIII, no. 316).",True,True,True
George Allington,Nero DVI,1611,"George Allington, by 1611 (58.3, 60.2)",True,True,True
Lawrence Tanfield,Vitellius EXV,1621,"Lawrence Tanfield, 1621 (2.37, 4.25)",True,True,True
John Bernard,Otho AXVII,1658,John Bernard,True,True,True
John Lambe,Cleopatra CII,1612,"John Lambe, ? by 1612 (26.2: this, Otho A.XVII, Vesp. A.XXIV, Cleo. C.I or Faust. B.III)",False,True,True
James Ware,Vitellius BVIII,1651,"James Ware, 1651 (228.1).",True,True,True
Augustine Vincent,Vitellius FXII,1623,"(perhaps of fols 274-393, artt. 14-18) Augustine Vincent, c.1623 (Jul. C.III, fol. 379)",True,True,True
,Galba CI,1652,"Bulstrode Whitelocke, 1652 (231.11).",True,True,True
Henry Montagu,Titus CI,1631,"Montagu, by 1631 (113.8)",True,True,True
Richard Bancroft,Julius AXI,1608,"Richard Bancroft, by June 1608, by hand of John Pory (29.4)",True,True,True
John Selden,Otho EX,1638,"John Selden, ¢.1638 (163.17: ? this).",True,True,True
John Selden,Claudius AXI,1638,John Selden,False,True,True
Richard Bancroft,Claudius EVIII,1608,"Richard Bancroft, 1608, by hand of Zachariah Pasfeild (29.13). The conflict between the date of this loan and that of Bowyer’s ownership has yet to be resolved: it is possible that the manuscript was temporarily in Cotton's hands in 1608.",True,True,True
James Ussher,Galba AXVIII,1646,James Ussher,True,True,True
John Lambe,Cleopatra CI,1612,John Lambe,False,True,True
Edward Herbert,Nero CVIII,1638,"‘Mr Attorney’, probably Edward Herbert, c.1638 (161.1)",True,True,True
Mr Lassells of Notinghamshir by Newwark|St Lo Kniveton,Faustina BVII,1617,"(of fols 72-136, art 20) ‘Mr Lassells of Notinghamshir by Newwark’ and St Lo Kniveton, 1617 (92.1).",True,True,True
William Greene,Claudius EVII,1639,William Greene,True,True,True
John Speed,Titus CX,1616,John Speed,True,True,True
Arthur Agarde,Vespasian DX,1613,"Arthur Agarde, 1612-15 (71.24): annotations on fols 1, 5v, 8v, 35, 49 may be by him",True,True,True
Edward Herbert,Titus BI,1636,"Edward Herbert, 1636 (116.1 and 118.2",True,True,True
Patrick Young,Faustina BIX,1621,"Patrick Young, 1621",True,True,True
James Ussher|William Laud|George Abbot,Faustina BIV,1634,James Ussher,False,True,False
Godfrey Wildbore,Cleopatra CI,1638,Godfrey Wildbore,False,True,True
John Selden,Titus EVI,1640,"John Selden, 1640 (209.15: this or Tit. E.V).",False,True,True
Francis Bacon,Cleopatra FVI,1616,"Bacon, ¢.1616 (104.2: ? this, if as is possible the roll listed at 104.2 was cut up and incorporated in F:VI)",True,True,True
John Strype,Titus BII,1697,"John Strype, 1697 (BL, Lansdowne MS 814, fol. 24).",True,True,True
William Camden,Vitellius FXII,1614,"(of at least fols 2-194, artt. 1-11) Camden, 1612-16 (75.17: ? this)",True,True,True
Richard Bancroft|George Abbot,Cleopatra EII,1611,Bancroft,False,True,False
Dudley Carleton,Titus BXIII,1631,Dudley Carleton,False,True,True
Patrick Young|Samuel Ward,Tiberius CII,1616,Patrick Young,False,True,True
,Tiberius AX,1606,"William Camden, 1606 (10.12)",True,True,True
William Camden,Faustina BIV,1606,William Camden,False,True,True
Henry Howard,Vitellius CXVII,1612,"of parts of fols 339-80, artt. 8, 9) Henry Howard, ¢.1612 (21.9, 52.4",True,True,True
John Lambe,Faustina BIII,1612,"John Lambe, ? by 1612 (26.2: this, Otho A.XVII, Vesp. A-XXIV, Cleo. C.I or II)",False,True,True
,Tiberius AXIII,1616,"William Camden, 1616 or before (111.10)",True,True,True
Henry Spelman,Vespasian AXIV,1617,Henry Spelman,True,True,True
John Bradshaw,Faustina AIII,1617,"Bradshaw, ¢.1617 (8.1: this or Tit. A.VIID)",False,True,True
James Ussher,Nero EI,1611,James Ussher,True,True,True
Patrick Young,Claudius AXI,1616,"Patrick Young, ¢.1616 (49.6)",True,True,True
George Calvert,Claudius DIX,1616,"George Calvert, 1616 (107.3: this or Claud. E.V).",False,True,True
Basil Brooke,Cleopatra FII,1631,"Basil Brooke, by 1631 (113.27: this, Cleo. E.I-III or F.I)",False,True,True
Godfrey Wildbore,Cleopatra CI,1656,Wildbore,True,True,True
William Crashaw,Cleopatra EIII,1609,"(? of fols 80-81, art. 43) William Crashaw, 1609 (Jul. C.III, fol. 125)",True,True,True
Robert Bowyer,Titus AVIII,1621,Robert Bowyer,False,True,True
John Speed,Otho BV,1612,"John Speed, c.1612 (50.5)",True,True,True
Henry Montagu,Claudius AVIII,1631,Henry Montagu,True,True,True
Francis Tate,Vespasian EXI,1614,"Tate, 1612-16 (73.6)",True,True,True
Richard Bancroft,Tiberius CXIII,1608,"Richard Bancroft, 1608, by hand of Zachariah Pasfeild (9.1)",True,True,True
Richard St George,Vitellius EXVI,1614,Richard St George,False,True,True
Bulstrode Whitelocke,Galba DVII,1652,"Bulstrode Whitelocke, 1652 (231.27).",True,True,True
George Calvert,Nero BIII,1622,"George Calvert, 1621-23 (4.6",True,True,True
Roger Owen,Vespasian BXIX,1611,Roger Owen,True,True,True
John Selden,Cleopatra DV,1638,John Selden,False,True,True
Godfrey Wildbore,Cleopatra CII,1638,"Godfrey Wildbore, 1638 (172.1: this or Cleo. C.I)",False,True,True
John Selden,Claudius EI,1638,"John Selden, c.1638 (162: this, Nero C.IX or E.V1)",False,True,True
William Dugdale,Cleopatra AIII,1640,"William Dugdale, ? 1640 (203.1)",True,True,True
John Selden,Otho EVII,1621,John Selden,False,True,True
Richard James,Nero EV,1625,Richard James,True,True,True
Peter Balle,Titus AI,1651,Peter Balle,False,True,True
John Selden,Domitian I,1638,"John Selden, 1638 (155.3: this, Jul. B.XIII, Tib. B.XIII, C.III, Nero D.VIII, Vit. C.X, EV, VII, Dom. V, Cleo. D.V or Faust. C.IV)",False,True,True
Bulstrode Whitelocke,Vespasian BXXII,1652,"Bulstrode Whitelocke, 1652 (235.3)",True,True,True
Thomas Wilson,Vitellius CXI,1613,"(of fol. 56, in art. 8) Wilson, ¢.1613 (35.6",True,True,True
Arthur Agarde,Nero EI,1613,Arthur Agarde,True,True,True
Lord William Howard,Tiberius EVI,1616,"Lord William Howard, 1616, by 1617 (110.1, 111.14: this or Otho D.III",False,True,True
Henry Montagu,Cleopatra FVI,1631,Montagu,True,True,True
St Lo Kniveton,Titus DXII,1611,St Lo Kniveton,True,True,True
Henry Howard,Claudius EIII,1612,"Henry Howard, c.1612 (21.11, 52.6: this or Tib. C.VII)",False,True,True
Henry Montagu,Titus FIV,1631,Henry Montagu,True,True,True
James Ussher|William Laud|George Abbot,Claudius EIV,1634,"Ussher (or William Laud or George Abbot), ? ¢.1634 (135.1: (2) this or Nero C.VII, or (1) Jul. D.III or Faust. B.IV)",False,False,False
Francis Tate,Domitian XVIII,1612,"(of at least fols 38-125, artt. 8-14) Francis Tate, by 1612 (22.7).",True,True,True
James Ussher|William Laud|George Abbot,Claudius EIV,1634,Ussher,False,False,False
Henry Bourchier,Vitellius BII,1653,Henry Bourchier,True,True,True
Edward Herbert,Caligula AIII,1636,Edward Herbert,False,True,True
Oliver St John,Titus BXIII,1609,"Oliver St John, ? 1609 or later (84.1: this or Tit. B.XII)",False,True,True
Lord William Howard,Claudius BVII,1635,"Sir William Howard, 1635 or 1636 (114.10: (2) ? this or (1) ? a printed book)",False,True,True
John Selden,Caligula DX,1621,"(? distrib- uted in Calig. D.VI-E.IV) John Selden, 1621 (2.86)",True,True,True
Richard Bancroft,Cleopatra FI,1608,"Richard Bancroft, 1607-10, by hand of Zachariah Pasfeild (30.6: this, Cleo. E.I-III or F.I1)",False,True,True
St Lo Kniveton,Tiberius CXIII,1616,"St Lo Kniveton, 1615-16, by 1617 (45.14, 111.36)",True,True,True
John Selden,Caligula EIII,1621,"(? distrib- uted in Calig, D.VI-E.IV) John Selden, 1621 (2.86).",True,True,True
Bulstrode Whitelocke,Galba BIX,1652,Bulstrode Whitelocke,True,True,True
Arthur Agarde,Vitellius DII,1613,Arthur Agarde,True,True,True
Edward Herbert,Vitellius BXXI,1636,"Edward Herbert, 1636 (116.3 and 118.4: ? fols 194-208, art. 74-76, of this and / or ? Otho C.X, ? Vit. C.XI, ? XVI).",False,True,True
Henry Bourchier,Cleopatra EIV,1653,Bourchier,True,True,True
George Calvert,Faustina BVII,1616,"(of fols 72-136, art 20) George Calvert, 1616 (107.1)",True,True,True
Arthur Agarde,Nero DX,1613,"Arthur Agarde, 1612-15 (71.9, 77.1)",True,True,True
Patrick Young,Julius AXI,1616,Patrick Young,True,True,True
John Selden,Vespasian DX,1640,"John Selden, 1640 (208.3: this or Cleo. C.X).",False,True,True
James Ussher,Vitellius CIX,1621,"James Ussher, 1621 (2.8)",True,True,True
St Lo Kniveton,Titus DXII,1617,"Kniveton, by 1617 (111.38: ? this).",True,True,True
John Selden,Vitellius CIX,1621,"John Selden, 1621 (2.85)",True,True,True
St Lo Kniveton,Vespasian FVII,1616,"St Lo Kniveton, 1615-16, by 1617 (45.21, 111.33: ? this).",True,True,True
William Le Neve,Cleopatra AIII,1641,William Le Neve,True,True,True
James Ussher,Domitian VIII,1641,Ussher,True,True,True
Bulstrode Whitelocke,Galba DVIII,1652,Bulstrode Whitelocke,True,True,True
John Selden,Galba AIX,1638,John Selden,True,True,True
Mr Colwell,London British Library Additional MS 46410,1622,"‘Mr Colwell’, 1621-23 (4.46)",True,True,True
Henry Savile,Otho BVI,1611,"Sir Henry Savile, 1611 (Jul. C.III, fol. 333",True,True,True
Richard Bancroft,Julius AXI,1608,"Bancroft, Sept. 1608, by hand of Zachariah Pasfeild (9.2: (1) this or (2) Nero AV or Dom. XI",True,True,True
John Selden,Vespasian EIII,unknown date,John Selden,True,True,True
Henry Howard,Cleopatra FVI,1612,"(of at least fols 129-316, art. 11) Henry Howard, ¢.1612 (21.10, 52.5), cf. Bodl., MS Smith 71 (SC 15677), p.18",True,True,True
Peter Balle,Claudius CXI,1651,"Peter Balle, 1651 (127: this, Tib. A:VI, Nero A.XV, XVI, Vesp. A.XIX, Tit. A.I or Dom. XV)",False,True,True
Edward Herbert,Caligula DVI,1636,"(of part of Calig. D-VI + VII) Edward Herbert, 1636 (117.9 and 119.3).",True,True,True
,Tiberius AIX,1621,"John Barkham, 1621 (2.76: this, or CUL, Add. MS 3578 + ? Tib. B.VID",True,True,True
James Ussher,Nero CIV,1625,"James Ussher (this is probably one of the psalters in the Gallican version that Ussher borrowed in 1625: Jul. C.III, fol. 383. For his collation, see Bodl., MS Add. A.91 (SC 27719), fol. 111.).",True,True,True
John Selden,Tiberius CXIII,1640,"John Selden, 1640 (208.4).",True,True,True
George Carew,Titus CI,1616,George Carew,False,True,True
Richard Bancroft,Cleopatra EIII,1608,Richard Bancroft,False,True,True
Ralph Starkey,Nero DII,1622,"Ralph Starkey, 1622 (2.123)",True,True,True
William Camden,Caligula EXI,1614,"Camden, 1612-16 (75.14: ? this)",True,True,True
James Ussher,Vitellius DVII,1621,"James Ussher, 1621 (2.12: this or Vesp. A.IX).",False,True,True
John Borough,London British Library Additional MS 46410,1640,"John Borough, 1640 (201.1)",True,True,True
Henry Montagu,Titus FIV,1631,"? Montagu, by 1631 (120.1).",True,True,False
Richard Cecil,Caligula DI,1604,"Richard Cecil, after Christmas 1604 (129.3: fols 37-84y, art. 6, of this, or Calig. B.IV).",False,True,True
John Selden,Galba BVII,1621,John Selden,True,True,True
Rob Scauen,Domitian III,1639,‘Rob Scauen’,True,True,True
James Ussher,Vespasian AXIV,1640,"Ussher, 1640 (199.1: (1) this or (2) Tib. A.XV)",False,True,True
John Selden,Otho BV,1638,John Selden,True,True,True
John Selden,Nero EVI,1638,"Selden, c.1638 (163.22: this, Claud. E.VI or Nero C.IX).",False,True,True
John Selden,Julius FIII,1621,John Selden,True,True,True
John Bradshaw,Julius CVI,1631,John Bradshaw,True,True,True
James Ware,Nero DIII,1651,"James Ware, 1651 (228.2).",True,True,True
Francis Tate,Galba AVIII,1612,"Francis Tate, by 1612 (22.4).",True,True,True
Robert Cecil,Caligula DXII,1608,"(? distributed in Calig. D.VI-E.V) Robert Cecil, through Thomas Wilson, ¢.1605-12 (12.1)",True,True,True
John Selden,Cleopatra DI,1638,John Selden,True,True,True
Mr Morgan,Caligula AXIII,1616,Mr Morgan,True,True,True
William Dugdale,Tiberius CVII,1639,William Dugdale,False,True,True
John Egerton,Vespasian BXXII,1626,"John Egerton, c.1626 (Jul. C.III, fol. 165: ? this)",True,True,True
Thomas Shirley,Claudius CIII,1653,"Shirley, 1653 (238)",True,True,True
William Camden,Otho DIII,1604,"William Camden, after Christmas 1604 (129.1: (2) this, Jul. D.II, Tib. E.VI or Claud. D.1, or (1) Nero D.D",False,True,True
Thomas Brudenell,Tiberius AV,1627,"(of this or fols 71-100 of Cleo. C.X) Thomas Brudenell, 1627 (Vesp. F.XIII, no. 329).",False,True,True
Richard Bancroft,Otho BV,1608,"Richard Bancroft, 1608, by hand of Zachariah Pasfeild (29.15)",True,True,True
George Buc,Tiberius CXIII,1611,George Buc,True,True,True
Thomas Howard,Otho BVI,1631,"Thomas Howard, by 1631 (113.13: presumably the same loan as is noted against the entries for the manuscript in 6018, fol. 111, and in 36682).",True,True,True
William Le Neve,Nero DVI,1641,"William Le Neve, 1641 (213.1: ? this, ? Vit. C.IV or ? Vesp. C.XIV)",False,True,True
St Lo Kniveton,Julius EIII,1617,St Lo Kniveton,True,True,True
Richard Bancroft,Titus BI,1610,"(of fols 194-213, art. 60) Richard Bancroft or George Abbot, c.1610, by hand of Hart (32.3)",True,True,False
James Ussher,Tiberius B1,1652,"James Ussher, 1652 (230.1)",True,True,True
Robert Cecil,Caligula DVIII,1608,"(? distributed in Calig. D.VI-E.V) Robert Cecil, through Thomas Wilson, ¢.1605-12 (12.1)",True,True,True
Richard Bancroft,Vespasian DIV,1608,"Richard Bancroft, 1608, by hand of Zachariah Pasfeild (29.22).",True,True,True
Arthur Agarde,Claudius CIX,1613,Arthur Agarde,True,True,True
Bulstrode Whitelocke,Galba CXI,1652,Bulstrode Whitelocke,True,True,True
John Borough,Claudius DX,1621,"John Borough, 1621 (2.77",True,True,True
Bulstrode Whitelocke,Galba BX,1652,Bulstrode Whitelocke,True,True,True
John Selden,Caligula DVII,1621,"(? distrib- uted in Calig. D.VI-E.IV) John Selden, 1621 (2.86)",True,True,True
John Hough,Claudius EI,1694,John Hough,True,True,True
Arthur Agarde,Caligula AXII,1613,Arthur Agarde,True,True,True
Richard Bancroft|George Abbot,Cleopatra FII,unknown date,Bancroft,False,True,True
John Laughton,Otho DIX,1634,John Laughton,True,False,True
John Selden,Otho EVII,1638,"Selden, c.1638 (163.8: ? this).",True,True,True
John Barkham,Cambridge University Library Additional MS 3578,1621,"John Barkham, 1621 (2.76: this + ? Tib. B.VII, or Tib. A.IX)",False,True,True
Richard Montague,Tiberius CXI,1621,Richard Montague,True,True,True
Elias Ashmole,Julius FXI,1660,"Elias Ashmole, 1660 (262.1: this or Jul. C.TX).",True,True,True
George Carew,Titus BVI,1604,"(of fols 5-6, art. 2, and / or Calig. D.[IX) George Carew (d. 1612), after Christmas 1604 (129.13)",False,True,True
Richard Bancroft,Vitellius EXIV,1608,"Richard Bancroft, 1608, by hand of John Pory (29.2: (2) this or (1) Vit. D.VII)",False,True,True
Lord William Howard,Titus CI,1614,"? Howard, c.1614 (121.7: ? fols 2-162, artt. 1-25, of this or ? Jul. C-VIII)",False,True,True
Patrick Young,Otho CXIV,1616,Patrick Young,True,True,True
Richard Bancroft,Galba AI,1608,Richard Bancroft,False,True,True
,Claudius CIV,1621,1621 (2.43),True,True,True
William Le Neve,Otho CI,1641,William Le Neve,True,True,True
Henry Bourchier,Tiberius BXIII,1621,"Henry Bourchier, 1621 (2.82)",True,True,True
Arthur Agarde,Tiberius AX,1613,"Arthur Agarde, 1612-15 (71.10, 77.8)",True,True,True
Augustine Vincent,Vitellius AII,1621,Augustine Vincent,False,True,True
Arthur Agarde,Vespasian AVI,1613,"Arthur Agarde, 1612-15 (71.32: ? (1) fols 61-89, artt. 4-6, of this or ? (2) Tit. AIT).",False,True,True
William Camden,Vitellius EVIII,1623,"William Camden, date unknown but before 1623 (143: fols 112-49v, Smith art. 22, of this, Claud. A.VI, Otho A.XIV, C.VII, Vit. A.III, D.XTII, Vesp. A.XIII or Dom. XII).",False,True,True
George Calvert,Claudius BV,1616,George Calvert,True,True,True
Paul Thomson,London British Library Harley MS 988,1617,Paul Thomson,True,True,True
Bulstrode Whitelocke,Galba BI,1652,Bulstrode Whitelocke,True,True,True
Bulstrode Whitelocke,Otho EVIII,1652,"Bulstrode Whitelocke, 1652 (235.4).",True,True,True
Richard Bancroft,Otho BIII,1608,Richard Bancroft,True,True,True
William Camden,Nero DI,1606,Camden,True,True,True
John Selden,Titus EX,1640,John Selden,True,True,True
Edward Herbert,Caligula DVII,1636,"(of part of Calig. D.VI + VII) Edward Herbert, 1636 (117.9 and 119.3).",True,True,True
George Abbot,Titus DXIX,1611,"George Abbot, 1611 (31.1: (1) this, Tit. D.I or Norwich, Castle Museum, MS 158.926/4g3, or (2) Dublin, Trinity College, MS 244 (C.3.12))",False,True,True
Arthur Agarde,Cleopatra CVII,1613,Arthur Agarde,True,True,True
James Ussher|William Laud|George Abbot,Faustina BIV,1634,"Ussher (or Laud or Abbot), ? ¢.1634 (135.2: (1) this or Jul. D.II, or (2) Claud. E.IV or Nero C-VII).",False,True,False
John Selden,Titus FI,1641,"John Selden,",True,True,True
Francis Tate|John Harington’s tutor|William Crashaw,Titus DI,1612,"Francis Tate,",False,True,True
Arthur Agarde,Nero DI,1613,Arthur Agarde,True,True,True
Benjamin Jonson,Julius AII,1624,Benjamin Jonson,True,False,True
Richard Bancroft,Caligula AVIII,1608,"Richard Bancroft, 1608, by hand of John Pory (29.1: this or Vit. EXXVII).",False,True,True
Edward Herbert,Caligula DIX,1636,"(of part of this) Edward Herbert, 1636 (117.10 and 119.4).",True,True,True
Henry Spelman|Henry Spelman,Tiberius AXIII,1616,Henry Spelman,True,True,True
John Selden,Caligula DXII,1621,"(? distrib- uted in Calig. D.VI-E.IV) John Selden, 1621 (2.86)",True,True,True
"John Speed, Arthur Agarde, or St Lo Kniveton",Titus DXII,1617,"unknown borrower, by 1616-17, but probably Speed, Agarde or Kniveton (100.2: ? this)",True,True,False
John Harington,Augustus I.II34,1611,John Harington,True,True,True
Robert Cecil,Caligula DIX,1608,"(? distributed in Calig. D.VI-E.V) Robert Cecil, through Thomas Wilson, c.1605-12 (12.1)",True,True,True
John Laughton,Tiberius EI,1634,? John Laughton,True,False,False
William Camden,Otho CVII,1623,William Camden,False,True,True
Peter Balle,Nero AXV,1651,"Peter Balle, 1651 (127: this, Tib. A-VI, Claud. C.XI, Nero A.XVI, Vesp. A.XIX, Tit. A.I or Dom. XV).",False,True,True
Simonds D’Ewes,Tiberius CXIII,1626,"Simonds D’Ewes asked to borrow the manuscript, 1626 (82.16).",True,True,True
William Burton,Claudius EIII,1627,William Burton,False,True,True
Augustine Vincent,Otho BV,1626,Augustine Vincent,True,True,True
Arthur Agarde,Vitellius AVIII,1613,Agarde,True,True,True
William Camden,Julius DIII,1604,"William Camden, after Christmas 1604 (129.1: (2) this, Tib.E.VI, Claud. D.I or Otho D.III, or (1) Nero D.1)",False,True,True
John Selden,Tiberius AIX,1653,"Selden, 1653 (237.4)",True,True,True
John Selden,Galba BIX,1621,"John Selden, 1621 (2.87: ? distributed in Galba B.I-XID)",True,True,True
Richard Bancroft,Nero AV,1608,Richard Bancroft,False,True,True
John Williams,Cleopatra BXIII,1611,"(of (1) at least fols 59-89, artt. 11, 12, of this or (2) Nero E.I) John Williams, c.1610-12 (39.3)",False,True,True
Richard Bancroft,Cleopatra DIX,1608,Richard Bancroft,True,True,True
Bulstrode Whitelocke,Galba DI,1652,Bulstrode Whitelocke,True,True,True
John Selden,Vespasian AXII,1638,"John Selden, ¢.1638 (159.1)",True,True,True
Patrick Young,Cleopatra DI,1616,Patrick Young,True,True,True
Richard Bancroft,Nero AVIII,1608,Richard Bancroft,True,True,True
Lord William Howard,Otho DIII,1616,Lord William Howard,False,True,True
Robert Bowyer,Nero DVI,1613,"Robert Bowyer, ¢.1613 (36.15)",True,True,True
Patrick Young,Domitian V,1616,Patrick Young,True,True,True
St Lo Kniveton,Titus BXI,1615,"(of part II, fol. 88, art. 111) Kniveton, by 1615 (45.11)",True,True,True
John Williams,Caligula AXIII,1624,"Humphrey Henchman for John Williams, ? 1624 (2.102: this or Calig. A-XII)",False,False,True
Percy Herbert,Otho BXIV,1661,"Percy Herbert, Lord Powys",True,True,True
Henry Howard,Faustina CIII,1614,? Henry Howard,True,True,True
Sidney Montague,Faustina AIV,1639,Sidney Montague,True,True,True
John Selden,Tiberius BX,1638,"Selden, ¢.1638 (163.3: (1) this, Calig. A.IV, Vit. F.XVIII or XIX, or (2) Tib. A.I or Vit. A.IV)",False,True,True
Patrick Young,Claudius EV,1616,"Patrick Young, ¢.1616 (49.26, 134.6, the latter either this or Claud. D.IX)",False,True,True
James Ussher,Vitellius EXI,1621,James Ussher,True,True,True
George Calvert,Claudius EV,1616,"George Calvert, 1616 (107.3: this or Claud. D.IX).",False,True,True
Arthur Agarde,Vespasian EII,1613,Arthur Agarde,False,True,True
Mr Gyze,Domitian VIII,1653,"‘Mr Gyze’, ? 1653 (240).",True,True,True
James Ussher,Otho AIX,1646,"James Ussher, 1646 or 1647 (226.1)",True,True,True
William Camden,Otho AXIV,1623,"William Camden, date unknown but before 1623 (143: Smith art.2 of this, Claud. A-VI, Otho C.VIL, Vit. A.III, D.XIII, E.VIII, Vesp. A.XIII or Dom. XII).",False,True,True
William Cecil,Titus CVI,1614,"(of fols 4-171, artt. 1-7) William Cecil, earl of Salisbury, ? 1614 (Jul. C.IH, fol. 82)",True,True,True
William Burton,Tiberius CVII,1627,"William Burton requested a loan of this or Claud. E.ITT in 1627: Jul. C.1H, fol. 51.",False,True,True
William Camden,Caligula EXII,1614,"William Camden,",True,True,True
Mr Taylor,Vitellius EXV,1625,Mr Taylor,True,True,True
John Selden,Vitellius FXII,1641,John Selden,False,True,True
Mr Beston,Caligula CIII,unknown date,"‘Mr Beston’, unknown date (151: fols 230-31y, 462-65y, artt. 88, 197 of this + Galba E.VI + Vesp. F:VI).",True,False,True
Francis Bacon,Vespasian AXIII,1613,? Francis Bacon,False,True,True
John Selden,Titus EI,1653,"Selden, ? 1653 (241).",True,True,True
Robert Cecil,Vespasian CII,1608,"(of fols 291-376, artt. 83-103, fols 119-22, artt. 119-22) Cecil, by the hand of Wilson, ¢.1605-12 (12.4)",True,True,True
James Ley,Titus BXI,1611,"(? of part I, fols 2-28, artt. 1-27, fol. 45, art. 43) James Ley, 1611 (61.2)",True,True,True
William Le Neve,Titus CI,1640,William Le Neve,True,True,True
John Selden,Claudius AIV,1639,John Selden,True,True,True
John Selden,Julius BXIII,1638,"John Selden, 1638 (155.3: this, Tib. B-XIH, C.III, Nero DVIII, Vit. C.X, E.V, VII, Dom. I, V, Cleo. D.V or Faust. C.IV).",True,True,True
Thomas Smith,Julius FX,1690,"Thomas Smith asked to borrow F.X in about 1690 (Bodl., MS Smith 59 (SC 15666), p. 196).",True,True,True
William Watts,Vespasian DXXI,1640,"William Watts, 1640 (206.3: this or Vit A-XIII)",False,True,True
James Ussher,Tiberius CVI,1625,James Ussher,True,True,True
Lord William Howard|Nicholas Roscarrock,Titus AI,1607,"Lord William Howard and Nicholas Roscarrock, 1607 or after (20.4: (1) this or Vesp. A-VI, or (2) Dom. XV)",False,True,True
Thomas Smith,Julius CIII,1690,"Thomas Smith, 1690 (Bodl., MS Smith 59 (SC 15666), p. 193).",True,True,True
Henry Howard,Nero AI,1612,"Henry Howard, c.1612 (21.4",True,True,True
Patrick Young,Vitellius EXVIII,1616,"Patrick Young c.1616 (49.35, 134.26: (2) this or (1) Tib. C.VI, and see below)",False,True,True
William Greene,Julius EI,1639,"William Greene, 1639 (189.2)",True,True,True
James Ussher,Nero EI,1641,? Ussher,True,True,False
Bulstrode Whitelocke,Galba DIV,1652,"Bulstrode Whitelocke, 1652 (231.25, 26: (1) this or Galba DN, or (2) D.V1",False,True,True
James Ussher,Nero AI,1646,James Ussher,True,True,True
John Selden,Cleopatra BIII,1640,John Selden,True,True,True
John Selden,Caligula AIV,1638,"Selden, ¢.1638 (163.3: (1) this, Tib. B.X, Vit. FXVIII or XIX, or (2) Tib. A.I or Vit. A.IV)",False,True,True
Patrick Young,Tiberius AXV,1616,"(of fols 1-173, Smith art. 1) Patrick Young, c.1616 (49.10. Young has annotated fols 35v and 64)",True,True,True
Henry Bourchier,Vitellius BV,1637,"Henry Bourchier, before 1637 (79.2: ? this).",True,True,True
James Ussher,Vespasian AXIV,1621,James Ussher,True,True,True
Henry Bourchier,Titus AXXIII,1637,Henry Bourchier,True,True,True
Richard Bancroft,Otho CXIV,1609,"? Richard Bancroft, 1609 (33)",True,True,False
Augustine Vincent,Vitellius AVIII,1621,"Augustine Vincent, 1621-22 (2.106).",True,True,True
Henry Howard,Vespasian CII,1612,"(of the same sections) Henry Howard, ¢.1612 (21.7).",True,True,True
Richard Bancroft,Titus AI,1608,"Richard Bancroft, 1608, by hand of Zachariah Pasfeild (29.21: (1) this, Nero A.XV, XVI, Dom. XV, or (2) Otho E.V)",False,True,True
James Ussher,Claudius EIV,1621,James Ussher,True,True,True
Henry Montagu,Claudius AVIII,1631,"? Montagu, by 1631 (120.5: ? this)",True,True,False
Lord William Howard,Titus BII,1638,"(of fols 84-90, art. 48, of this, or of Vesp. D.XVIII) Sir William Howard, 1638 (123.2, 125.2, 175.2): fol. 83, the cover sheet for art. 48, has in the top left hand corner ‘Bor: of Sir Rob: Cott< >’ and fol. 84 is annotated by Cotton",True,True,True
Lord William Howard,Vespasian DXVIII,1638,"of at least fols 2-81, art. 1, of this, or of Tit. B.I1) Sir William Howard, 1638 (123.2, 125.2, 175.2).",False,True,True
John Selden,Tiberius CV,1638,"John Selden, 1638 (153.1)",True,True,True
George Carew,Cleopatra EI,1616,"(of fols 189-90, art. 45) George Carew (d. 1629), 1616 (106.3)",True,True,True
Patrick Young,Vitellius CVIII,1616,Patrick Young,True,True,True
Basil Brooke,Cleopatra EIII,1631,"Basil Brooke, by 1631 (113.27: this, Cleo. E.I, II, F.I or II)",False,True,True
James Ussher,Tiberius AXIV,1624,Either A.XIV or Tib. C.II,False,True,True
William Camden,Nero BIII,1617,"William Camden, 1617 (6.1: this, Nero B.IV or V)",False,True,True
Henry Montagu,Otho EIX,1631,Henry Montagu,True,True,True
James Ussher,Vitellius AXII,1621,"James Ussher, 1621 (2.10",True,True,True
Thomas Coventry,Titus EI,1631,Thomas Coventry,False,True,True
Patrick Young,Vespasian AXIV,1616,"(of at least fols 1-105, artt. 1-4, and fols 114~71, artt. 9-16) Patrick Young, c.1616 (49.11)",True,True,True
Hart,Domitian XV,1617,"Hart, by 1617 (111.2: (2) this or (1) Tit. A.I)",False,True,True
James Ussher,Tiberius CXIII,1611,James Ussher,True,True,True
John Selden,Tiberius AXIII,1616,John Selden,True,True,True
Humfrey Wanley,Tiberius BIV,1709,"Humfrey Wanley, 1709 (Add. MS 44879, fol. iv",True,True,True
Thomas Cannon,Vitellius CIX,unknown date,Thomas Cannon,True,True,True
John Strype,Vitellius FV,unknown date,John Strype,True,True,True
Arthur Agarde,Claudius AVI,1613,Arthur Agarde,True,True,True
James Ussher|William Laud|George Abbot,Nero CVII,1634,James Ussher,False,False,False
John Selden,Cleopatra FII,1640,"John Selden, 1640 (209.13: this or Cleo. F.I).",False,True,True
Edward Coke,Julius FIII,1616,"Edward Coke, ¢.1612-21 (83.4: ? this, but see below)",True,True,True
John Selden,Galba BIII,1621,John Selden,True,True,True
John Selden,Vitellius AIV,1638,John Selden,False,True,True
Edward Coke,Domitian XV,1612,"Edward Coke, c.1612 (53.4: ? this or ? Tit. A.1)",False,True,True
Henry Bourchier,Tiberius AXIV,1623,This or Tib. C.I used by Henry Bourchier in 1623,False,True,True
John Pory,Vitellius EXIV,1612,"Pory, ? by 1612 (25.9: (1) this or (2) Vit. D.VIL)",False,False,True
William Noy,Cleopatra FI,1628,William Noy,False,True,True
Robert Cecil,Caligula DXI,1608,"(? distributed in Calig. D.VI-E.V) Robert Cecil, through Thomas Wilson, ¢.1605-12 (12.1)",True,True,True
Richard Bancroft,Nero AXV,1608,Richard Bancroft,False,True,True
Henry Montagu,Caligula AXII,1621,"Henry Montagu, 1621 (2.21: this or Calig. A-XIII)",False,True,True
Richard Bancroft,Cleopatra EII,1608,"Richard Bancroft, 1607-10, by hand of Zachariah Pasfeild (30.6: this, Cleo. E.1, III, F.1 or II)",False,True,True
Robert Bowyer,Faustina AIII,1621,"Robert Bowyer, 1621 (2.50: (1) this or (2) Tit. A-VIII)",False,True,True
William Camden,Domitian I,1606,"William Camden, 1606 (10.11: this, Vesp. A.II or B.XXV. Cf. Jul. C.IH, fol. 65)",False,True,True
John Speed,Titus DXII,1612,Speed,True,True,True
John Selden,Vitellius EV,1638,John Selden,False,True,True
William Watts,Otho BV,1640,"William Watts, by 1640 (see the preface to his edition of Matthew Paris, Historia major (London, 1640), for which the manu- script was used).",True,True,True
Robert Cecil|William Cecil,Galba CX,1618,Robert,True,False,False
Henry Montagu,Vespasian FIX,1631,"? Montagu, by 1631 (120.6: ? fols 175-78v, art 32, of this, but see the note accompanying the previous entry)",True,True,False
Ralph Starkey,Julius BIX,1621,"Ralph Starkey, 1621-22 (2.111).",True,True,True
William Watts,Vitellius AXIII,1640,William Watts,False,True,True
John Selden,Nero DVI,1638,"John Selden, ¢.1638 (163.5: ? this or ? Vit. C.IV)",False,True,True
John Speed,Vitellius DII,1616,"John Speed, ¢.1612 and c.1616 (50.7, 134.7)",True,True,True
Basil Brooke,Cleopatra EI,1631,Basil Brooke,False,True,True
Arthur Agarde,Faustina BIII,1613,"Agarde, 1612-15 (71.18)",True,True,True
William Le Neve,Claudius DIII,1641,"William Le Neve, 1641 (217.2).",True,True,True
Thomas Howard,Vitellius CXI,1621,Thomas Howard,False,True,True
Simonds D’Ewes,Claudius EIII,1626,Simonds D’Ewes,True,True,True
Henry Williamson,Otho EIV,1611,"Henry Williamson, by 1611 (54.1)",True,True,True
Ralph Winwood|Mr Waight,Vespasian CXIII,1621,"(of papers now in this manuscript) Ralph Winwood, c.1616 (105.2)",True,True,True
King Charles II,Nero DVI,1660,"King Charles II, 1660, by hand of John Ball (fol. 1v).",True,True,True
Henry Spelman,Titus AXVI,1615,Henry Spelman,True,True,True
John Selden,Tiberius CIII,1638,"John Selden, 1638 (155.3: this, Jul. B.XIII, Tib. B.XIII, Nero D.VIII, Vit. C.X, EV, VII, Dom. I, V, Cleo. D.V or Faust. C.IV)",False,True,True
Richard Bancroft,Nero DI,1608,"Richard Bancroft, 1608, by hand of John Pory (29.7)",True,True,True
John Selden,Nero DI,1622,John Selden,True,True,True
Arthur Agarde,Faustina BIII,1612,Arthur Agarde,False,True,True
James Ussher,Tiberius AXV,1640,James Ussher,False,True,True
John Selden,Caligula AIV,unknown date,"John Selden (6018, no. 249)",True,True,True
St Lo Kniveton,Titus BXII,1615,St Lo Kniveton,True,True,True
John Lambe|Fronton du Duc,Otho AXVII,1612,John Lambe,False,True,True
John Selden,Tiberius CXIII,1615,Selden,True,True,True
James Ussher,Vitellius CVIII,1641,"? James Ussher, 1641 (221.1)",True,True,False
William Dugdale,Vitellius DXVIII,1639,"William Dugdale, 1639 (178.1).",True,True,True
Arthur Agarde,Otho BXIV,1613,"Agarde, 1612-15 (71.2, 77.5, not necessarily a duplicate of loan 18.17)",True,True,True
Ralph Starkey,Vitellius DXX,1622,Ralph Starkey,True,True,True
John Selden,Otho BXIII,1653,"Selden, 1653 (237.3).",True,True,True
Arthur Agarde,Titus AVIII,1613,"Agarde, 1612-15 (18.15, 71.6: (2) this or (1) Faust. A.IID)",False,True,True
John Selden|Ralph Starkey,London British Library Additional MS 46410,1621,Selden,True,True,True
Inigo Jones,Titus AXVII,1631,Inigo Jones,True,True,True
James I,Cleopatra EI,1616,"(? of fol. 213, art. 54) ? James I, c.1615-17 (93.4: ? this)",True,True,False
Arthur Agarde,Tiberius EVI,1613,"Agarde, 1612-15 (18.9, 71.5: this or Otho D.III)",False,True,True
Arthur Agarde,Titus DXII,1611,Arthur Agarde or John Speed,True,True,False
Thomas Cannon,Vitellius CIX,1631,"Cannon, by 1631 (113.23: ? this)",True,True,True
George Buc,Titus CVI,1616,"(of fols 429, 433, artt. 13, 14) George Buc, ¢.1615-17 (91.1)",True,True,True
Percy Herbert,Caligula AXII,1661,"Perey Herbert, by the hand of Knasbrough and Vaughan, 1661/2 (267.1).",True,True,True
Robert Cecil,Caligula DVI,1608,"(? distributed in Calig. D.VI-E.V) Robert Cecil, through Thomas Wilson, ¢.1605-12 (12.1)",True,True,True
William Camden,Vespasian AII,1606,William Camden,False,True,True
William Le Neve,Otho EI,1641,William Le Neve,True,True,True
Henry Montagu,London British Library Additional MS 46410,1640,"Henry Montagu, 1640 (207.1).",True,True,True
Guillim,Claudius CIV,1613,Guillim,True,True,True
John Barkham,Vitellius DII,1612,John Barkham,True,True,True
Henry Montagu,Cleopatra FIII,1631,"Henry Montagu, by 1631 (113.7)",True,True,True
John Borough,Titus CI,1621,"John Borough, 1621 (2.74)",True,True,True
Thomas Wilson,Vitellius CXI,1613,"(? of fols 142-43, in art. 12) Thomas Wilson, ¢.1613 (35.5",True,True,True
James I,Cleopatra EI,1616,"(? of fols 155-56, art. 39) ? James I, c.1615-17 (93.5: ? this)",True,True,False
Francis Junius,Tiberius B1,1658,Francis Junius,True,True,True
Dudley Carleton,Titus BXII,1631,"Dudley Carleton, by 1631 (113.2: this or Tit. B.XIID).",False,True,True
Edward Herbert,Otho CX,1636,Edward Herbert,False,True,True
Jaspar Gryffyth,Vespasian EXI,1611,Jaspar Gryffyth,True,True,True
George Allington,Julius CIX,1611,"(? of fols 25-77, artt. 6-7) George Allington, by 1611 (58.2, 60.4)",True,True,True
Hart,Julius CII,1617,"(of at least fols 1-18v, art. 1) Hart, by 1617 (111.3)",True,True,True
Richard Bancroft,Vitellius EIV,1608,"Richard Bancroft, 1608, by hand of Zachariah Pasfeild (29.20: this, Tib. A.IX or Vit. D-X1).",False,True,True
Henry Spelman,Titus AXV,1615,Henry Spelman,True,True,True
John Selden,Cleopatra FI,1640,John Selden,False,True,True
Richard Bancroft,Otho EV,1608,Richard Bancroft,False,True,True
William Camden,Titus BXII,1606,"William Camden, 1606 (10.6)",True,True,True
Thomas Coventry|John Borough,Titus EII,1621,Thomas Coventry,True,True,True
Thomas Wilson,Caligula EX,1613,"Thomas Wilson, ¢.1613 (35.1: ? parts of this, Calig. E.VIII and IX)",True,True,True
Henry Montagu,Otho EX,1621,Henry Montagu,True,True,True
John Selden,Caligula AXV,1639,"John Selden, 1639 (187.1)",True,True,True
Francis Tate|William Camden,Vespasian AXIV,1612,"(of fols 1-105, artt. 1-4, + ? fols 106-13, artt. 5-8) Francis Tate, by 1612, and William Camden (22.3)",True,True,True
James Ussher|Robert Cecil,Galba EIV,1641,"James Ussher, 1641 (219.1). Although Galba E.III is the pressmark cited in 219.1, the description there given of the manu- script fits E.TV much more closely.",True,True,True
Bulstrode Whitelocke,Galba CII,1652,"Bulstrode Whitelocke, 1652 (231.12)",True,True,True
Henry Montagu,Otho EXI,1631,Henry Montagu,True,True,True
John Selden,Vitellius DXVII,1641,"John Selden, 1641 (225.4: ? this).",True,True,True
Augustine Vincent|St Lo Kniveton,Faustina EIX,1611,"Augustine Vincent, St Lo Kniveton, 1611 + (66.2: ? fols 56-96v of this).",True,True,True
George Buc,Otho BV,1616,"George Buc, 1616 (102.2)",True,True,True
Richard Gascoigne,Julius DI,1623,"Used by Richard Gascoigne, 1623 (fol. Iv), who has annotated fols 7, 19, 26, 5iv, etc. His use, presumably a loan, may well account for the two entries in 6018.",True,True,True
James Ussher,Otho AXII,1640,"James Ussher, 1640 (200.1).",True,True,True
Mr [ Bartholomew] Cotton of the Exchequer,Nero CX,1625,"‘Mr [? Bartholomew] Cotton of the Exchequer’, after 1621 and probably not earlier than 1625 (80.1).",True,True,True
Peter Balle,Vitellius BI,1640,Peter Balle,True,True,True
James Ussher,Vespasian DXV,1621,"James Ussher, 1621 (2.9",True,True,True
St Lo Kniveton,Titus BIX,1617,"St Lo Kniveton, by 1617 (111.31).",True,True,True
Thomas Wilson,Vespasian FVI,1621,Wilson,False,True,True
Henry Howard,Caligula BIV,1604,Henry Howard,False,True,True
Francis Tate,Tiberius AXIII,1617,Tate,True,True,True
Augustine Lindsell,Nero AV,1621,"Augustine Lindsell, 1621 (2.35: (1) this or (2) Tit. D.X1).",False,True,True
Thomas Wilson,Caligula EVIII,1613,Thomas Wilson,False,True,True
Henry Spelman,Titus AXXVII,1617,"Spelman, 1617 (99.1: this or Claud. D.II).",False,True,True
Henry Montagu,Titus CI,1604,"Henry Montagu, after Christmas 1604 (129.8: this and / or Faust. E.V)",False,True,True
John Selden,Caligula EII,1621,"(? distrib- uted in Calig. D.VI-E.IV) John Selden, 1621 (2.86)",True,True,True
Arthur Agarde,Faustina BII,1613,"Arthur Agarde, 1612-15 (18.13, 71.16, 77.15)",True,True,True
Robert Bertie,Tiberius EVIII,1626,"Robert Bertie, after 1626 (6018, no. 392)",True,True,True
Francis Bacon,Julius EII,1613,"? Francis Bacon, ? by 1613 (23.3: ? this or ? Vesp. A.XIII).",True,False,False
Richard Bancroft|George Abbot,Cleopatra EI,1611,"Bancroft or George Abbot, 1610-12, via Hart (131.1: this, Cleo. E.II, III, F.I or ID)",False,True,False
Patrick Young,Tiberius CVI,1616,Patrick Young,False,True,True
Henry Howard,Caligula CII,1604,Henry Howard,False,True,True
Lord William Howard|Nicholas Roscarrock,Tiberius EI,1611,Lord William Howard,False,True,True
William Camden,Nero CV,1606,"William Camden, 1606 (10.10: fols 3-161, artt. 1-4, only)",True,True,True
Henry Bourchier,Caligula EXI,1654,Henry Bourchier,False,True,True
John Selden,Titus EV,1640,"John Selden, 1640 (209.15: this or Tit. E.VID.",False,True,True
John Selden,Titus F II,1641,"John Selden, 1641 (211.2).",True,True,True
James Ussher,Julius DIII,1634,"James Ussher (or William Laud or George Abbot), ? ¢.1634 (135.1",False,True,False
John Harington,Augustus I.II31,1611,John Harington,True,True,True
John Selden,Galba BII,1621,"John Selden, 1621 (2.87: ? distributed in Galba B.I-XII)",True,True,True
John Selden,Caligula DVIII,1621,"(? distrib- uted in Calig. D.VI-E.IV) John Selden, 1621 (2.86)",True,True,True
William Camden,Cleopatra AII,1606,William Camden,True,True,True
Thomas Allen,Cleopatra AII,1614,"William Camden, 1606, and Thomas Allen, to 1612-16 (10.8, 75.1)",True,True,True
Dudley Carleton,Nero BII,1631,Dudley Carleton,True,True,True
Henry Montagu,Cleopatra FVI,1631,? Montagu,True,True,False
Thomas Coventry|John Borough,Titus EIV,1621,Thomas Coventry,True,True,True
‘Mr Randall’|‘Mr Attorney’ Hobart,Titus FIV,1613,"(of Harl. MS 6850, fols 35-63 + perhaps parts of fols 63-85y, art. 10, of this) ‘Mr Randall’ and ‘Mr Attorney’ Hobart, by 1612-13 (27.2)",True,True,True
Christopher Hatton,Claudius CVIII,1638,"Christopher Hatton, 1638, via William Dugdale (176.1).",True,True,True
John Selden,Titus EXIV,1640,John Selden,True,True,True
John Selden,Claudius DVIII,1641,John Selden,True,True,True
Elias Ashmole,Claudius BVII,1672,Elias Ashmole,True,True,True
John Selden,Otho AXVI,unknown date,"John Selden (36682, fol. 135v).",True,True,True
Lord William Howard|Basil Brooke,Nero BVI,1621,"(? of fols 15-18, art. 9) Lord William Howard and Basil Brooke, 1621 (2.98, although this article is not an original, as specified in the loan).",True,True,True
Lord William Howard|Nicholas Roscarrock,Domitian XV,1607,Lord William Howard,False,True,True
Henry Bourchier,Cleopatra FVI,1621,Henry Bourchier,True,True,True
Bulstrode Whitelocke,Galba DXII,1652,Bulstrode Whitelocke,True,True,True
John Selden,Caligula EIV,1621,(? distributed in Calig. D.VI-E.IV),True,True,True
Roger Owen,Nero DVI,1611,"Roger Owen,",True,True,True
Jarvis Bradgate,Nero DX,1640,Jarvis Bradgate,True,True,True
Mr Jonston,Titus BXIII,1615,"‘Mr Jonston’, ¢.1615-16 (95.1: this or Tit. B.XII)",False,True,True
John Williams,Nero EI,1611,John Williams,False,True,True
Henry Bourchier,Vespasian CXIII,1654,"unnamed borrower, possibly Henry Bourchier, ¢.1654 (251)",True,True,False
John Lambe|Henry Hickman,Oxford Queens College MS 54,1613,John Lambe,True,True,True
Clement Edmunds,Cleopatra FIV,1621,"Clement Edmunds, 1621 (2.26).",True,True,True
John Speed,Cleopatra EIV,unknown date,"(of fols 374-445v, art. 195) John Speed (Smith, Catalogue, ‘History and Synopsis’ p. 53. The annotation on fol. 442v is probably by Speed.)",True,True,True
Basil Brooke,Cleopatra FI,1631,"Basil Brooke, by 1631 (113.27: this, Cleo. E.I-III or F.1D)",False,True,True
"Samuel Roper, senior",Otho BXIV,1638,"Samuel Roper, senior",True,True,True
Robert Bowyer,Otho CI,1613,Robert Bowyer,True,True,True
Bulstrode Whitelocke,Galba CV,1652,"Bulstrode Whitelocke, 1652 (231.15).",True,True,True
Thomas Howard,Vespasian AXIII,1631,"Thomas Howard, earl of Arundel",True,True,True
Henry Montagu,Otho EX,1631,"? Montagu, by 1631 (120.2: ? this)",True,True,True
John Selden,Titus EI,1640,John Selden,False,True,True
Bulstrode Whitelocke,Galba DII,1652,"Bulstrode Whitelocke, 1652 (231.23).",True,True,True
Thomas Wilson,Vitellius CXI,1619,"Wilson, 1617, 1621 (111.21, 2.101: ? fols 193-210, art. 18, fols 368-71, art. 26, of this, and / or parts of Jul. F.V1, Vit. C_XVI, Vesp. F.VI)",False,True,True
Sir Thomas Cotton's ‘cosen’,Cleopatra BIX,1655,Sir Thomas Cotton's ‘cosen’,True,True,True
Arthur Capell,Titus EXVI,1666,"Arthur Capell, via Philip Briggs, 1666/7 (269.2).",True,True,True
William Dugdale,Vitellius CIII,1653,William Dugdale,True,True,True
Clement Edmunds,Cleopatra FV,1621,"Clement Edmunds, 1621 (2.27).",True,True,True
George Buc,Claudius EIII,1616,George Buc,False,True,True
Patrick Young,Nero CV,1616,Patrick Young,True,True,True
Henry Elsyng,Otho BXIII,1626,Henry Elsyng,True,True,True
Robert Bowyer,Cleopatra FII,1621,"Robert Bowyer, ¢.1612 (13.9, 36.11: ? this), 1621 (2.45: ? this)",True,True,True
Bulstrode Whitelocke,Galba DIII,1652,"Bulstrode Whitelocke, 1652 (231.24).",True,True,True
Thomas or Samuel Roper,Vitellius DXVIII,1638,"Thomas or Samuel Roper, c.1638 (160: this or Vit. A.1)",False,True,False
John Selden,Domitian V,1638,John Selden,False,True,True
John Selden,Vespasian AXVIII,1621,"John Selden, 1621 (2.72)",True,True,True
Arthur Agarde,Otho CVIII,1613,"Arthur Agarde, 1612-15 (71.35)",True,True,True
James Ussher,Tiberius CVII,1611,"James Ussher, ¢.1610-12 (41.7: (2) this or (1) Claud. E.III",False,True,True
John Selden,Galba BXI,1621,"John Selden, 1621 (2.87: ? distributed in Galba B.I- XII).",True,True,True
George Carew,Caligula DIX,1604,"George Carew (d. 1612), after Christmas 1604 (129.15: ? parts of this: Cotton has noted fol. 172, art. 39, as relating to the release of Francis I from imprisonment)",True,True,True
John Selden,Caligula AIV,1640,Selden,True,True,True
Edward Coke,Cleopatra CVII,1638,Edward Co< >,True,True,True
Francis Bacon,Julius EIII,1613,"? Francis Bacon, ? by 1613 (23.5)",True,False,False
William Dugdale,Claudius EIII,1639,William Dugdale,False,True,True
Richard Bancroft,Appendix L,1609,Richard Bancroft,True,True,True
Arthur Agarde,Vitellius DXV,1613,Arthur Agarde,True,True,True
John Bradshaw,Julius DII,1621,John Bradshaw,True,True,True
George Carew,Faustina EI,unknown date,George Carew,False,True,True
James Ussher,Cleopatra BXIII,1611,"(of at least fols 1-89, artt. 1-12) James Ussher, by 1611 (59.1).",True,True,True
Francis Bacon,Julius CII,1613,"(of at least fols 42-80, artt. 5-16) ? Francis Bacon, ? by 1613 (23.4: (1) this or (2) Nero A.D)",False,False,False
John Selden,Nero CVIII,1639,John Selden,True,True,True
Francis Tate,Vespasian EXI,1617,"Tate, before 1617 (111.11)",True,True,True
John Bernard,Faustina BIII,1658,John Bernard,True,True,True
Thomas Shirley,Claudius CIII,1662,Shirley,True,True,True
Francis Tate,Claudius BIV,1612,Francis Tate,False,True,True
John Harington,Augustus I.II35,1611,John Harington,True,True,True
Thomas Brudenell,Cleopatra CX,1627,"(of fols 71-100, art. 4, of this or Tib. A.V) Thomas Brudenell, 1627 (Vesp. F.XTII, no. 329)",False,True,True
Arthur Agarde,Vespasian AXVIII,1613,Arthur Agarde,False,True,True
Henry Spelman,Julius AII,1615,Henry Spelman,True,True,True
Henry Montagu,Otho EXI,1631,"? Montagu, by 1631 (120.7)",True,True,True
John Selden,Galba BX,1621,"John Selden, 1621 (2.87: ? distributed in Galba B.I-XI1)",True,True,True
Francis Tate,Tiberius EVIII,1612,"Francis Tate, by 1612 (22.1: ? fols 43v-63y, art. 15 of this)",True,True,True
William Le Neve,Faustina AIX,1641,William Le Neve,True,True,True
,Tiberius AXIII,1616,"Henry Spelman, 1616 or before (111.10)",True,True,True
Lord William Howard,Titus EVII,1640,Sir William Howard,False,True,True
Richard Bancroft|George Abbot,Cleopatra EIII,1611,Bancroft,False,True,True
Richard Bancroft,Tiberius AX,1608,"Richard Bancroft, 1608, by hand of Zachariah Pasfeild (29.16, 29.18)",True,True,True
Arthur Agarde,Vespasian AXVIII,1613,"Agarde, 1612-15 (71.29, not necessarily the same manuscript as in 18.17)",True,True,True
William Dugdale,Vitellius CIX,1660,William Dugdale,True,True,True
John Selden,Claudius EIV,1638,Selden,True,True,True
William Watts,Vitellius AVI,1640,"William Watts, 1640 (206.2).",True,True,True
Henry Montagu,London Society Of Antiquaries MS 116,1621,"Henry Montagu, 1621 (2.25: ? this).",True,True,True
John Selden,Faustina CIV,1638,"John Selden, 1638 (155.3: this, Jul. B-XIII, Tib. B.XII, C.III, Nero D-VIII, Vit. CX, EV, VII, Dom. I, V or Cleo. D.V).",False,True,True
Edward Dering,Cambridge University Library Additional MS 3578,unknown date,Edward Dering (noted against 6018 entry),True,True,True
John Williams,Cleopatra BV,1611,John Williams,True,True,True
unidentified borrower|Mr Husser|Mr Sargent Barker|James Ussher,Otho BIII,1611,"unidentified borrower, ‘Mr Husser, ‘Mr Sargent Barker’ and James Ussher, by 1611 (57.1).",True,True,True
William Camden,Vitellius DXIII,1623,William Camden,False,True,True
William Noy,Cleopatra FII,1628,"William Noy, by 1628 (Jul. C.II, fol. 285: this or Cleo. F.1)",False,True,True
James Ussher,Nero CV,1629,"‘my-lord of Armach’, undoubtedly James Ussher, ¢.1629 (6018, no. 210",True,True,True
John Speed,Otho DVIII,1612,John Speed,False,True,True
James I,Cleopatra EI,1616,"(? of fols 183-87, art. 41) ? James I, ¢.1615-17 (93.3: ? this)",True,True,False
Francis Tate,Vespasian DXXI,1617,"(of at least the same folios) Tate, before 1617 (111.7)",True,True,True
Ralph Winwood,Vespasian CXII,1616,Ralph Winwood,True,True,True
Richard Bancroft,Vespasian BXIX,1608,"Richard Bancroft, 1607-10, by hand of Zachariah Pasfeild (30.5. Bancroft’s name is an addition to the list of archbishops on fol. 232y, art. 5)",True,True,True
Thomas Wilson,Caligula EIX,1613,Thomas Wilson,False,True,True
James Ussher,Vespasian AI,1625,"James Ussher, 1625, one of four psalters borrowed Gul. C.III, fol. 383).",True,True,True
William Camden,Titus BXIII,1606,William Camden,True,True,True
Edward Coke,Titus AI,1612,Edward Coke,False,True,True
Augustine Baker,Claudius DI,1621,"Augustine Baker, after 1621 (6018, no. 307).",True,True,True
Bulstrode Whitelocke,Julius CIV,1652,"Bulstrode Whitelocke, 1652 (235.1)",True,True,True
John Selden,Caligula EI,1621,"(? distrib- uted in Calig. D.VI-E.IV) John Selden, 1621 (2.86).",True,True,True
Patrick Young,Otho AIX,1616,"Patrick Young, ¢.1616 (49.30, 134.8)",True,True,True
St Lo Kniveton,Vespasian AV,1615,"(of fols 3-92, art. I) St Lo Kniveton, by 1615 (16.5, 45.3).",True,True,True
John Selden,Titus EXIII,1640,John Selden,True,True,True
unidentified borrower,Tiberius AVI,1611,"unnamed borrower, possibly George Buc",True,True,False
William Watts,Nero DV,1640,"William Watts, by 1640 (see the preface to his edition of Matthew Paris, Historia major (London, 1640), for which the manuscript was used).",True,True,True
Thomas Wilson,Otho EVII,1617,"Wilson, by 1617 (111.15)",True,True,True
Francis Tate,Nero AI,1617,Tate,True,True,True
Robert Bowyer,Claudius CIV,1612,"Bowyer, ¢.1612 (13.5, 36.7),",True,True,True
William Camden,Tiberius AXIII,1616,William Camden,True,True,True
John Selden,Galba BI,1621,"John Selden, 1621 (2.87: ? distributed in Galba B.I-XID)",True,True,True
Thomas Ham[p]son,Cleopatra CVII,1640,"Thomas Ham[p]son, ? 1640 (193.1)",True,True,True
Richard Bancroft,Nero DII,1608,Richard Bancroft,True,True,True
Simonds D’Ewes,Vitellius DII,1626,"Simonds D’Ewes, 1626 (82.30: this or Claud. D.VI)",False,True,True
Abraham Wheloc,Otho BXI,1639,"Abraham Wheloe, 1639 (190.2. In March 1640 Wheloc asked for a six-month extension of this loan: Jul. F.VI, fol. 128, art. 69. The manuscript was used by hinvin his Historiae ecclesiasticae gentis Anglorum (Cambridge, 1643): Ker, Catalogue of Anglo-Saxon MSS, no. 180.)",True,True,True
Henry Howard,Julius FVI,1604,"Henry Howard, after Christmas 1604 (129.16: ? parts of this, Calig. B.IV, C.I-III, and IX)",True,True,True
Gerard Langbaine,Tiberius B1,1655,Gerard Langbaine,True,True,True
Edward Herbert,Caligula DXI,1636,"(of part of this and Calig. D.X) Edward Herbert, 1636 (117.7 and 119.2).",True,True,True
John Harington,Augustus I.II33,1611,John Harington,True,True,True
George Abbot,Titus DI,1611,George Abbot,False,True,True
Henry Howard,Caligula CI,1604,"Henry Howard, after Christmas 1604 (129.16: ? parts of this, Jul. F.VI, Calig. B.IV, C.II-III, and IX).",False,True,True
Lord William Howard|Nicholas Roscarrock,Vespasian AVI,1607,"Lord William Howard and Nicholas Roscarrock, 1607 or after (20.4: (1) this or Tit. A.I, or (2) Dom. XV)",False,True,True
Richard Bancroft,Faustina BI,1608,Richard Bancroft,False,True,True
Richard Bancroft,Nero AXVI,1608,Bancroft,False,True,True
Robert Cecil,Caligula DX,1608,"(? distributed in Calig. D.VI-E.V) Robert Cecil, through Thomas Wilson, c.1605-12 (12.1)",True,True,True
Bulstrode Whitelocke,Galba BVIII,1652,"Bulstrode Whitelocke, 1652 (231.7)",True,True,True
John Selden,Caligula DVI,1621,"(? distrib- uted in Calig. D.VI-E.IV) John Selden, 1621 (2.86)",True,True,True
Francis Tate,Tiberius CXI,1614,Francis Tate,True,True,True
Francis Tate,Tiberius BIV,1612,"(of at least fols 3-86, 88-90, art. 1, first part of art. 2, art. 3)",True,True,True
Henry Spelman,Claudius DII,1615,Henry Spelman,False,True,True
John Selden,Galba BIV,1621,"John Selden, 1621 (2.87: ? distributed in Galba B.I-XI1)",True,True,True
Peter Balle,Cleopatra FII,1640,"Peter Balle, 1640 (205.3)",True,True,True
Christopher Hatton,Tiberius AXV,1639,"Christopher Hatton, 1639 (165: this or Vesp. A-XIV)",False,True,True
Fitton,Tiberius CV,1653,Fitton,True,True,True
,Tiberius AXIII,1616,"John Selden, 1616 or before (111.10)",True,True,True
Arthur Agarde,Faustina CV,1613,"Arthur Agarde,",True,True,True
Henry Hyde,Titus CI,1691,Henry Hyde,True,True,True
Nicholas Gilborne,Otho EIV,1611,Nicholas Gilborne,True,True,True
George Carew,Titus BXIII,1618,"? George Carew (d. 1629), c.1618 (Vesp. F.XIII, no. 324: this or Tit. BX. The Vesp. letter is undated but refers to Carew’s service for the king in Ireland about eight years previously. After having served Elizabeth as President of Munster until 1603, he was sent to Ireland only once, in 1610, by James I.)",False,True,False
William Camden,Tiberius AX,1606,William Camden,True,True,True
John Dodderidge,Otho EXI,1609,"John Dodderidge, ? 1609 (Jul. C.III, fol. 150: ? this)",True,True,True
unidentified borrower|George Allington|Patrick Young,Claudius DVI,1611,unidentified borrower,True,True,True
Edward Herbert,Caligula DX,1636,"(of part of this and D.XI) Edward Herbert, 1636 (117.7 and 119.2).",True,True,True
Peter Balle,Tiberius AVI,1651,Peter Balle,False,True,True
George Carew,Caligula DIX,1604,"(of parts of this and / or Tit. B.VI) George Carew (d. 1612), after Christmas 1604 (129.13)",False,True,True
,Cleopatra CII,1656,Wildbore,True,True,True
Bulstrode Whitelocke,Galba BXII,1652,"Bulstrode Whitelocke, 1652 (231.10).",True,True,True
William Camden,Vitellius CXVII,1614,"(of fols 339-80, artt. 8, 9) William Camden, 1612-16 (75.7).",True,True,True
Henry Montagu,London British Library Additional MS 33216,1631,Henry Montagu,False,True,True
Edward Herbert,Vespasian FIX,1636,Edward Herbert,False,True,True
Peter Balle,Nero AXVI,1651,"Balle, 1651 (127: this, Tib. A.VI, Claud. C.XI, Nero A-XV, Vesp. A-XIX, Tit. A.I or Dom. XV).",True,True,True
Arthur Agarde|Walter Raleigh,Nero DII,1613,Agarde,True,True,True
Edward Herbert,Cleopatra BV,1636,Edward Herbert,False,True,True
John Selden,Vitellius FXVIII,1641,Selden,True,True,True
William Camden,Vitellius CVI,1620,"William Camden (Vesp. F.XIII, no. 326, the evi- dence for this loan, is an undated letter from Camden to Cotton, but as he refers in it to the ‘now Earle of Leicester, and his brother Sir Philipp’ it can presumably be dated to between 1618, the date of Robert Sidney's creation as earl, and 1623, the year of Camden's death)",True,True,True
Hugh Holland,Julius CV,1631,Hugh Holland,True,True,True
Bulstrode Whitelocke,Galba CVII,1652,Bulstrode Whitelocke,True,True,True
John Egerton,Julius FIII,1626,"John Egerton, c.1626 (Jul. C.III, fol. 165: ? this).",True,True,True
Robert Bowyer,Otho CI,1621,Bowyer,True,True,True
Bulstrode Whitelocke,Galba BVI,1652,Bulstrode Whitelocke,True,True,True
William Greene,Claudius EVII,1639,Greene,True,True,True
Bulstrode Whitelocke,Galba CIX,1652,Bulstrode Whitelocke,True,True,True
John Selden,Caligula DIX,1621,"(? distrib- uted in Calig. D.VI-E.IV) John Selden, 1621 (2.86)",True,True,True
William Noy,Cleopatra FI,1631,"Noy, by 1631 (113.29: this or Cleo F.Il)",False,True,True
Fulke Greville,Cleopatra AXVI,1616,Greville,True,True,True
Richard Bancroft,Titus BI,1611,"(of the same folios) Bancroft or Abbot, 1610-12, via Hart (131.3)",True,True,True
John Selden,Julius AXI,1640,"John Selden, 1640 (208.2).",True,True,True
Godfrey Goodman,Cleopatra EI,1654,Goodman,True,True,True
,Tiberius EVIII,1631,by 1631 (113.37).,True,True,True
Robert Cecil,Vespasian CI,1608,"(of fols 5-197) Robert Cecil, through Thomas Wilson, ¢c.1605-12 (12.5)",True,True,True
Henry Montagu,Faustina CII,1604,"(of fols 27-28, art. 4, fols 79-84v, art. 18) Henry Montagu, after Christmas 1604 (129.10",True,True,True
William Dugdale,Julius CVI,1654,William Dugdale,True,True,True
Edward Coke,Vitellius EV,1621,"Edward Coke, ¢.1612 (53.2), ¢.1612-21 (83.6), 1621 (2.66)",True,True,True
Patrick Young,Vitellius DII,1616,Patrick Young,True,True,True
Augustine Vincent,Vitellius DX,1621,Augustine Vincent,False,True,True
St Lo Kniveton,Cleopatra CVII,1616,St Lo Kniveton,True,True,True
Mr Jonston,Titus BXII,1615,"Mr Jonston’, c.1615-16 (95.1: this or Tit, B.XIII)",False,True,True
John Selden,Galba BVIII,1621,"John Selden, 1621 (2.87: ? distributed in Galba B.I-XI1)",True,True,True
John Pory,Vitellius DVII,1612,Pory,False,False,True
John Bradshaw,Titus AVIII,1616,"John Bradshaw, c.1615-17 (88.1: this or Faust A.IID)",False,True,True
John Selden,Vitellius CIV,1638,"John Selden, c.1638 (163.5: ? this or ? Nero D.VI)",False,True,True
James Ussher,Julius DIII,1634,Ussher,False,True,False
Godfrey Wildbore,Nero CVII,1656,Godfrey Wildbore,True,True,True
Richard Bancroft,Tiberius AIX,1608,Richard Bancroft,False,True,True
John Selden,Tiberius CIX,1638,John Selden,True,True,True
Bulstrode Whitelocke,Galba BV,1652,"Bulstrode Whitelocke, 1652 (231.5).",True,True,True
John Selden,Vitellius DV,1640,John Selden,True,False,True
Henry Savile,London British Library Royal MS 16 CXXV,1611,Henry Savile,True,True,True
William Camden,Claudius AVI,1623,"William Camden, date unknown but before 1623 (143: fols 156-284y, artt. 2 and 3 of this, Otho A.XIV, C.VII, Vit. A.III, D-XITI, EMIII, Vesp. A-XII or Dom. XII).",False,True,True
Lord William Howard,Tiberius CVI,1621,"Lord William Howard, 1621 (2.58: this or Nero C.IV)",False,True,True
William Segar,Julius CIX,1615,"(? of fols 25-77, artt. 6-7) William Segar, 1615-16 (96.1)",True,True,True
Daniel Dunn,Nero DVI,1611,Daniel Dunn,True,True,True
James Ussher,Claudius EIII,1611,James Ussher,False,True,True
John Selden,Cleopatra FVI,1638,John Selden,True,True,True
John Selden,Vitellius FXVIII,1638,"John Selden, ¢.1638 (163.3: (1) this, Tib. B.X, Calig. A.IV or Vit. F.XIX, or (2) Tib. A.I or Vit. A.IV)",False,True,True
John Selden,Vitellius DII,1638,John Selden,True,True,True
William Le Neve,Vitellius CV,1641,William Le Neve,True,True,True
John Selden,Titus AVIII,unknown date,"? John Selden (D.M. Barratt, “The library of John Selden and its later history’, Bodleian Library Record, 3 (1950-51), 135, 213: the wording for the manuscript in Selden’s catalogue echoes the opening words of the contents-table in Tit. A.VIII, although notes on fols Iv-2 of Faust. A.III may well be by Selden)",True,True,False
Robert Cecil,Caligula DVII,1608,"(? distributed in Calig. D-VI-E.V) Robert Cecil, through Thomas Wilson, ¢.1605-12 (12.1)",True,True,True
James I,Titus CX,1616,"? James I , c.1615-17 (93.7: ? fols 73-73v, art. 19, of this)",True,True,False
Augustine Lindsell,Nero EV,1622,Augustine Lindsell,True,True,True
Patrick Young,Titus DXI,1616,"Patrick Young, ¢.1616 (49.13)",True,True,True
Edward Herbert,Julius FVI,1636,Edward Herbert,True,True,True
William Camden,Vitellius DVII,1617,"William Camden, 1617 (6.4)",True,True,True
William Dugdale,Domitian XV,1656,"William Dugdale, 1656 (Appx XLVI, fol. 1v).",True,True,True
John Selden,Galba BV,1621,John Selden,True,True,True
Richard Bancroft,Galba EX,1608,Richard Bancroft,True,True,True
Patrick Young,Titus DXXV,1616,Patrick Young,True,True,True
Richard Montague,Claudius CIX,1620,"Richard Montague,",False,True,True
Augustine Lindsell,Claudius BII,1621,"Augustine Lindsell, 1621 (2.34: the two entries in 6018 probably reflect this loan).",True,True,True
Roger Dodsworth,Oxford Bodleian Library MS Dodsworth 76 Sc 5018,1622,Roger Dodsworth,True,True,True
Hart,Titus AI,1612,Hart,True,True,True
William Lisle,Otho BXI,1621,William Lisle,True,True,True
St Lo Kniveton,Tiberius AX,1616,"St Lo Kniveton, 1615, by 1617 (5.2, 45.20, 111.34).",True,True,True
Percy Herbert,Caligula AXIII,1661,"Percy Herbert, by the hand of Knasbrough and Vaughan, 1661/2 (267.2).",True,True,True
George Allington,Nero CX,1611,Allington,True,True,True
John Selden,Cleopatra EV,1640,John Selden,False,True,True
Patrick Young,Nero CIII,1621,Patrick Young,True,True,True
Arthur Agarde,Galba EIII,1613,Arthur Agarde,True,True,True
Robert Cecil,Titus BVI,1608,"(of (1) parts of this or (2) Vesp. F.VI) Thomas Wilson, for Robert Cecil, c.1605-12 (12.8).",False,True,True
Patrick Young,Cleopatra EIII,1616,"(of fols 80-81, art. 43) Patrick Young, ¢.1616 (49.16",True,True,True
John Selden,Nero AXVII,1638,John Selden,True,True,True
Francis Tate,Vespasian EXI,1613,"Francis Tate, 1613 (fol. 43, 40.2)",True,True,True
